/*
Navicat MySQL Data Transfer

Source Server         : localhost_3306
Source Server Version : 50723
Source Host           : localhost:3306
Source Database       : novel

Target Server Type    : MYSQL
Target Server Version : 50723
File Encoding         : 65001

Date: 2021-03-14 16:19:58
*/

SET FOREIGN_KEY_CHECKS=0;

-- ----------------------------
-- Table structure for admin
-- ----------------------------
DROP TABLE IF EXISTS `admin`;
CREATE TABLE `admin` (
  `id` int(11) NOT NULL AUTO_INCREMENT,
  `avatar_url` varchar(200) DEFAULT NULL,
  `name` varchar(40) DEFAULT NULL,
  `password` varchar(20) DEFAULT NULL,
  PRIMARY KEY (`id`)
) ENGINE=InnoDB AUTO_INCREMENT=5 DEFAULT CHARSET=utf8;

-- ----------------------------
-- Records of admin
-- ----------------------------
INSERT INTO `admin` VALUES ('1', 'admin/1/avatar.jpg', 'lican', 'root');
INSERT INTO `admin` VALUES ('2', 'admin/2/avatar.jpg', 'hello', 'root');
INSERT INTO `admin` VALUES ('3', 'admin/default/avatar.jpg', '就这？', '111');
INSERT INTO `admin` VALUES ('4', 'admin/default/avatar.jpg', '123', '1234');

-- ----------------------------
-- Table structure for category
-- ----------------------------
DROP TABLE IF EXISTS `category`;
CREATE TABLE `category` (
  `id` int(11) NOT NULL AUTO_INCREMENT,
  `count_novels` int(11) DEFAULT NULL,
  `create_time` datetime(6) DEFAULT NULL,
  `name` varchar(20) DEFAULT NULL,
  PRIMARY KEY (`id`)
) ENGINE=InnoDB AUTO_INCREMENT=5 DEFAULT CHARSET=utf8;

-- ----------------------------
-- Records of category
-- ----------------------------
INSERT INTO `category` VALUES ('1', '2', '2020-06-01 11:43:42.231000', '玄幻');
INSERT INTO `category` VALUES ('2', '3', '2020-06-05 18:28:28.706000', '都市');
INSERT INTO `category` VALUES ('3', '1', '2020-06-07 13:55:18.763000', '仙侠');
INSERT INTO `category` VALUES ('4', '1', '2020-06-07 14:17:14.061000', '科幻');

-- ----------------------------
-- Table structure for chapter
-- ----------------------------
DROP TABLE IF EXISTS `chapter`;
CREATE TABLE `chapter` (
  `id` int(11) NOT NULL AUTO_INCREMENT,
  `create_time` datetime(6) DEFAULT NULL,
  `name` varchar(100) DEFAULT NULL,
  `number` int(11) DEFAULT NULL,
  `novel_id` int(11) NOT NULL,
  `chinese_number` varchar(100) DEFAULT NULL,
  PRIMARY KEY (`id`),
  KEY `FK9gxktxyevc28poaea71k3jv2d` (`novel_id`),
  CONSTRAINT `FK9gxktxyevc28poaea71k3jv2d` FOREIGN KEY (`novel_id`) REFERENCES `novel` (`id`)
) ENGINE=InnoDB AUTO_INCREMENT=10 DEFAULT CHARSET=utf8;

-- ----------------------------
-- Records of chapter
-- ----------------------------
INSERT INTO `chapter` VALUES ('1', '2020-06-02 19:48:44.490000', '陨落的天才', '1', '1', '一');
INSERT INTO `chapter` VALUES ('2', '2020-06-02 20:13:37.976000', '斗气大陆', '2', '1', '二');
INSERT INTO `chapter` VALUES ('3', '2020-06-06 22:54:41.678000', '风雨飘摇', '3', '1', '三');
INSERT INTO `chapter` VALUES ('4', '2020-06-06 23:07:37.571000', '北灵院', '1', '3', '一');
INSERT INTO `chapter` VALUES ('5', '2020-06-07 14:00:44.802000', '离乡', '1', '4', '一');
INSERT INTO `chapter` VALUES ('6', '2020-06-07 14:21:07.842000', '罗峰', '1', '6', '一');
INSERT INTO `chapter` VALUES ('7', '2020-06-09 20:07:18.964000', 'RR', '2', '6', '二');
INSERT INTO `chapter` VALUES ('8', '2020-06-11 17:33:50.860000', '五帝破空', '4', '1', '四');
INSERT INTO `chapter` VALUES ('9', '2020-06-11 17:42:01.949000', '绯红', '1', '7', '一');

-- ----------------------------
-- Table structure for comment
-- ----------------------------
DROP TABLE IF EXISTS `comment`;
CREATE TABLE `comment` (
  `id` int(11) NOT NULL AUTO_INCREMENT,
  `content` varchar(1000) DEFAULT NULL,
  `create_time` datetime(6) DEFAULT NULL,
  `is_reply` int(11) DEFAULT NULL,
  `reply_content` varchar(1000) DEFAULT NULL,
  `reply_time` datetime(6) DEFAULT NULL,
  `admin_id` int(11) DEFAULT NULL,
  `novel_id` int(11) NOT NULL,
  `user_id` int(11) NOT NULL,
  PRIMARY KEY (`id`),
  KEY `FKa0uvlibufwl49sxwl5dwvm76l` (`admin_id`),
  KEY `FKmnxrbxukhgft1sjrevvitgsl4` (`novel_id`),
  KEY `FK8kcum44fvpupyw6f5baccx25c` (`user_id`),
  CONSTRAINT `FK8kcum44fvpupyw6f5baccx25c` FOREIGN KEY (`user_id`) REFERENCES `user` (`id`),
  CONSTRAINT `FKa0uvlibufwl49sxwl5dwvm76l` FOREIGN KEY (`admin_id`) REFERENCES `admin` (`id`),
  CONSTRAINT `FKmnxrbxukhgft1sjrevvitgsl4` FOREIGN KEY (`novel_id`) REFERENCES `novel` (`id`)
) ENGINE=InnoDB AUTO_INCREMENT=9 DEFAULT CHARSET=utf8;

-- ----------------------------
-- Records of comment
-- ----------------------------
INSERT INTO `comment` VALUES ('1', '本书的排版还有一些问题，望改进', '2020-06-08 11:14:16.960000', '2', '', '2020-06-08 11:32:23.739000', '1', '1', '1');
INSERT INTO `comment` VALUES ('2', '如果是一段长文本的话应该只显示一行内容，其余用...代替，然后在回复界面展示完整的留言内容，否则会让表格某一列很难看。', '2020-06-08 11:15:55.527000', '1', '已经修改好了，希望您继续支持我们', '2020-06-08 11:33:58.111000', '1', '1', '1');
INSERT INTO `comment` VALUES ('3', 'test', '2020-06-09 17:43:32.391000', '1', '管理员获取正常', '2020-06-09 17:43:55.497000', '2', '1', '1');
INSERT INTO `comment` VALUES ('4', 'wohhhhhh', '2020-06-10 18:47:57.273000', '1', '???????????????????', '2020-06-11 10:23:31.900000', '1', '3', '1');
INSERT INTO `comment` VALUES ('5', '测试测试', '2020-06-11 14:16:30.131000', '0', '', null, null, '3', '3');
INSERT INTO `comment` VALUES ('6', '入坑第一本，希望圆满', '2020-06-11 16:49:39.635000', '1', '好', '2020-06-11 17:34:40.641000', '1', '4', '7');
INSERT INTO `comment` VALUES ('7', '很好', '2020-06-11 17:28:54.334000', '2', '', '2020-06-11 17:34:47.276000', '1', '1', '8');
INSERT INTO `comment` VALUES ('8', '诡秘之仆', '2020-07-13 18:49:56.100000', '0', '', null, null, '7', '9');

-- ----------------------------
-- Table structure for content
-- ----------------------------
DROP TABLE IF EXISTS `content`;
CREATE TABLE `content` (
  `id` int(11) NOT NULL AUTO_INCREMENT,
  `content` text,
  `words` int(11) DEFAULT NULL,
  `chapter_id` int(11) NOT NULL,
  PRIMARY KEY (`id`),
  UNIQUE KEY `UK_qqhks2gi68q81mhom7mh2k8hw` (`chapter_id`),
  CONSTRAINT `FKyc1ks2ryq8nrn5stp1e9pbp5` FOREIGN KEY (`chapter_id`) REFERENCES `chapter` (`id`)
) ENGINE=InnoDB AUTO_INCREMENT=10 DEFAULT CHARSET=utf8;

-- ----------------------------
-- Records of content
-- ----------------------------
INSERT INTO `content` VALUES ('1', '<p>测试</p>', '9', '1');
INSERT INTO `content` VALUES ('2', '<div class=\"read-content j_readContent\">\n            <p data-type=\"2\"><span class=\"content-wrap\">　　月如银盘，漫天繁星。</span><span class=\"review-count\" data-segid=\"1\">20<i><cite></cite></i></span></p><p data-type=\"2\"><span class=\"content-wrap\">　　山崖之颠，萧炎斜躺在草地之上，嘴中叼中一根青草，微微嚼动，任由那淡淡的苦涩在嘴中弥漫开来…</span><span class=\"review-count\" data-segid=\"2\">7<i><cite></cite></i></span></p><p data-type=\"2\"><span class=\"content-wrap\">　　举起有些白皙的手掌，挡在眼前，目光透过手指缝隙，遥望着天空上那轮巨大的银月。</span><span class=\"review-count\" data-segid=\"3\">8<i><cite></cite></i></span></p><p data-type=\"2\"><span class=\"content-wrap\">　　“唉…”想起下午的测试，萧炎轻叹了一口气，懒懒的抽回手掌，双手枕着脑袋，眼神有些恍惚…</span><span class=\"review-count\" data-segid=\"4\">9<i><cite></cite></i></span></p><p data-type=\"2\"><span class=\"content-wrap\">　　“十五年了呢…”低低的自喃声，忽然毫无边际的从少年嘴中轻吐了出来。</span><span class=\"review-count\" data-segid=\"5\">21<i><cite></cite></i></span></p><p data-type=\"2\"><span class=\"content-wrap\">　　在萧炎的心中，有一个仅有他自己知道的秘密：他并不是这个世界的人，或者说，萧炎的灵魂，并不属于这个世界，他来自一个名叫地球的蔚蓝星球，至于为什么会来到这里，这种离奇经过，他也无法解释，不过在生活了一段时间之后，他还是后知后觉的明白了过来：他穿越了！</span><span class=\"review-count\" data-segid=\"6\">99<i><cite></cite></i></span></p><p data-type=\"2\"><span class=\"content-wrap\">　　随着年龄的增长，对这块大陆，萧炎也是有了些模糊的了解…</span><span class=\"review-count\" data-segid=\"7\">4<i><cite></cite></i></span></p><p data-type=\"2\"><span class=\"content-wrap\">　　大陆名为斗气大陆，大陆上并没有小说中常见的各系魔法，而斗气，才是大陆的唯一主调！</span><span class=\"review-count\" data-segid=\"8\">14<i><cite></cite></i></span></p><p data-type=\"2\"><span class=\"content-wrap\">　　在这片大陆上，斗气的修炼，几乎已经在无数代人的努力之下，发展到了巅峰地步，而且由于斗气的不断繁衍，最后甚至扩散到了民间之中，这也导致，斗气，与人类的日常生活，变得息息相关，如此，斗气在大陆中的重要性，更是变得无可替代！</span><span class=\"review-count\" data-segid=\"9\">6<i><cite></cite></i></span></p><p data-type=\"2\"><span class=\"content-wrap\">　　因为斗气的极端繁衍，同时也导致从这条主线中分化出了无数条斗气修炼之法，所谓手有长短，分化出来的斗气修炼之法，自然也是有强有弱。</span><span class=\"review-count\" data-segid=\"10\">5<i><cite></cite></i></span></p><p data-type=\"2\"><span class=\"content-wrap\">　　经过归纳统计，斗气大陆将斗气功法的等级，由高到低分为四阶十二级：天.地.玄.黄！</span><span class=\"review-count\" data-segid=\"11\">19<i><cite></cite></i></span></p><p data-type=\"2\"><span class=\"content-wrap\">　　而每一阶，又分初，中，高三级！</span><span class=\"review-count\" data-segid=\"12\">5<i><cite></cite></i></span></p><p data-type=\"2\"><span class=\"content-wrap\">　　修炼的斗气功法等级的高低，也是决定日后成就高低的关键，比如修炼玄阶中级功法的人，自然要比修炼黄阶高级功法的同等级的人要强上几分。</span><span class=\"review-count\" data-segid=\"13\">2<i><cite></cite></i></span></p><p data-type=\"2\"><span class=\"content-wrap\">　　斗气大陆，分辩强弱，取决于三种条件。</span><span class=\"review-count\" data-segid=\"14\">6<i><cite></cite></i></span></p><p data-type=\"2\"><span class=\"content-wrap\">　　首先，最重要的，当然是自身的实力，如果本身实力只有一星斗者级别，那就算你修炼的是天阶高级的稀世功法，那也难以战胜一名修炼黄阶功法的斗师。</span><span class=\"review-count\" data-segid=\"15\">30<i><cite></cite></i></span></p><p data-type=\"2\"><span class=\"content-wrap\">　　其次，便是功法！同等级的强者，如果你的功法等级较之对方要高级许多，那么在比试之时，种种优势，一触既知。</span><span class=\"review-count\" data-segid=\"16\">1<i><cite></cite></i></span></p><p data-type=\"2\"><span class=\"content-wrap\">　　最后一种，名叫斗技！</span><span class=\"review-count\" data-segid=\"17\">3<i><cite></cite></i></span></p><p data-type=\"2\"><span class=\"content-wrap\">　　顾名思义，这是一种发挥斗气的特殊技能，斗技在大陆之上，也有着等级之分，总的说来，同样也是分为天地玄黄四级。</span><span class=\"review-count\" data-segid=\"18\">13<i><cite></cite></i></span></p><p data-type=\"2\"><span class=\"content-wrap\">　　斗气大陆斗技数不胜数，不过一般流传出来的大众斗技，大多都只是黄级左右，想要获得更高深的斗技，便必须加入宗派，或者大陆上的斗气学院。</span><span class=\"review-count\" data-segid=\"19\">7<i><cite></cite></i></span></p><p data-type=\"2\"><span class=\"content-wrap\">　　当然，一些依靠奇遇所得到前人遗留而下的功法，或者有着自己相配套的斗技，这种由功法衍变而出的斗技，互相配合起来，威力要更强上一些。</span><span class=\"review-count\" data-segid=\"20\">4<i><cite></cite></i></span></p><p data-type=\"2\"><span class=\"content-wrap\">　　依靠这三种条件，方才能判出究竟孰强孰弱，总的说来，如果能够拥有等级偏高的斗气功法，日后的好处，不言而喻…</span><span class=\"review-count\" data-segid=\"21\">7<i><cite></cite></i></span></p><p data-type=\"2\"><span class=\"content-wrap\">　　不过高级斗气修炼功法常人很难得到，流传在普通阶层的功法，顶多只是黄阶功法，一些比较强大的家族或者中小宗派，应该有玄阶的修炼之法，比如萧炎所在的家族，最为顶层的功法，便是只有族长才有资格修炼的：狂狮怒罡，这是一种风属性，并且是玄阶中级的斗气功法。</span><span class=\"review-count\" data-segid=\"22\">25<i><cite></cite></i></span></p><p data-type=\"2\"><span class=\"content-wrap\">　　玄阶之上，便是地阶了，不过这种高深功法，或许便只有那些超然势力与大帝国，方才可能拥有…</span><span class=\"review-count\" data-segid=\"23\">9<i><cite></cite></i></span></p><p data-type=\"2\"><span class=\"content-wrap\">　　至于天阶…已经几百年未曾出现了。</span><span class=\"review-count\" data-segid=\"24\">25<i><cite></cite></i></span></p><p data-type=\"2\"><span class=\"content-wrap\">　　从理论上来说，常人想要获得高级功法，基本上是难如登天，然而事无绝对，斗气大陆地域辽阔，万族林立，大陆之北，有号称力大无穷，可与兽魂合体的蛮族，大陆之南，也有各种智商奇高的高级魔兽家族，更有那以诡异阴狠而著名的黑暗种族等等…</span><span class=\"review-count\" data-segid=\"25\">40<i><cite></cite></i></span></p><p data-type=\"2\"><span class=\"content-wrap\">　　由于地域的辽阔，也有很多不为人知的无名隐士，在生命走到尽头之后，性子孤僻的他们，或许会将平生所创功法隐于某处，等待有缘人取之，在斗气大陆上，流传一句话：如果某日，你摔落悬崖，掉落山洞，不要惊慌，往前走两步，或许，你，将成为强者！</span><span class=\"review-count\" data-segid=\"26\">57<i><cite></cite></i></span></p><p data-type=\"2\"><span class=\"content-wrap\">　　此话，并不属假，大陆近千年历史中，并不泛这种依靠奇遇而成为强者的故事.</span><span class=\"review-count\" data-segid=\"27\">7<i><cite></cite></i></span></p><p data-type=\"2\"><span class=\"content-wrap\">　　这个故事所造成的后果，便是造就了大批每天等在悬崖边，准备跳崖得绝世功法的怀梦之人，当然了，这些人大多都是以断胳膊断腿归来…</span><span class=\"review-count\" data-segid=\"28\">12<i><cite></cite></i></span></p><p data-type=\"2\"><span class=\"content-wrap\">　　总之，这是一片充满奇迹，以及创造奇迹的大陆！</span><span class=\"review-count\" data-segid=\"29\">4<i><cite></cite></i></span></p><p data-type=\"2\"><span class=\"content-wrap\">　　当然，想要修炼斗气秘籍，至少需要成为一名真正的斗者之后，方才够资格，而现在的萧炎隔那段距离，似乎还很是遥远…</span><span class=\"review-count\" data-segid=\"30\">3<i><cite></cite></i></span></p><p data-type=\"2\"><span class=\"content-wrap\">　　“呸。”吐出嘴中的草根，萧炎忽然跳起身来，脸庞狰狞，对着夜空失态的咆哮道：“把劳资穿过来当废物玩吗？草！”</span><span class=\"review-count\" data-segid=\"31\">40<i><cite></cite></i></span></p><p data-type=\"2\"><span class=\"content-wrap\">　　在前世，萧炎只是庸碌众生中极其平凡的一员，金钱，美人，这些东西与他根本就是两条平行线，永远没有交叉点，然而，当来到这片斗气大陆之后，萧炎却是惊喜的发现，因为两世的经验，他的灵魂，竟然比常人要强上许多！</span><span class=\"review-count\" data-segid=\"32\">85<i><cite></cite></i></span></p><p data-type=\"2\"><span class=\"content-wrap\">　　要知道，在斗气大陆，灵魂是天生的，或许它能随着年龄的增长而稍稍变强，可却从没有什么功法能够单独修炼灵魂，就算是天阶功法，也不可能！这是斗气大陆的常识。</span><span class=\"review-count\" data-segid=\"33\">14<i><cite></cite></i></span></p><p data-type=\"2\"><span class=\"content-wrap\">　　灵魂的强化，也造就出萧炎的修炼天赋，同样，也造就了他的天才之名。</span><span class=\"review-count\" data-segid=\"34\">3<i><cite></cite></i></span></p><p data-type=\"2\"><span class=\"content-wrap\">　　当一个平凡庸碌之人，在知道他有成为无数人瞩目的本钱之后，若是没有足够的定力，很难能够把握本心，很显然的，前世仅仅是普通人的萧炎，并没有这种超人般的定力，所以，在他开始修炼斗之气后，他选择了成为受人瞩目的天才之路，而并非是在安静中逐渐成长！</span><span class=\"review-count\" data-segid=\"35\">8<i><cite></cite></i></span></p><p data-type=\"2\"><span class=\"content-wrap\">　　若是没有意外发生的话，萧炎或许还真能够顶着天才的名头越长越大，不过，很可惜，在十一岁那年，天才之名，逐渐被突如其来的变故剥夺而去，而天才，也是在一夜间，沦落成了路人口中嘲笑的废物！</span><span class=\"review-count\" data-segid=\"36\">7<i><cite></cite></i></span></p><p data-type=\"2\"><span class=\"content-wrap\">　　……</span><span class=\"review-count\" data-segid=\"37\">9<i><cite></cite></i></span></p><p data-type=\"2\"><span class=\"content-wrap\">　　在咆哮了几嗓子之后，萧炎的情绪也是缓缓的平息了下来，脸庞再次回复了平日的落寞，事与至此，不管他如何暴怒，也是挽不回辛苦修炼而来的斗之气旋。</span><span class=\"review-count\" data-segid=\"38\">5<i><cite></cite></i></span></p><p data-type=\"2\"><span class=\"content-wrap\">　　苦涩的摇了摇头，萧炎心中其实有些委屈，毕竟他对自己身体究竟发生了什么事，也是一概不知，平日检查，却没有发现丝毫不对劲的地方，灵魂，随着年龄的增加，也是越来越强大，而且吸收斗之气的速度，比几年前最巅峰的状态还要强盛上几分，这种种条件，都说明自己的天赋从不曾减弱，可那些进入体内的斗之气，却都是无一例外的消失得干干净净，诡异的情形，让得萧炎黯然神伤…</span><span class=\"review-count\" data-segid=\"39\">2<i><cite></cite></i></span></p><p data-type=\"2\"><span class=\"content-wrap\">　　黯然的叹了口气，萧炎抬起手掌，手指上有一颗黑色戒指，戒指很是古朴，不知是何材料所铸，其上还绘有些模糊的纹路，这是母亲临死前送给他的唯一礼物，从四岁开始，他已经佩戴了十年，母亲的遗物，让得萧炎对它也是有着一份眷恋，手指轻轻的抚摸着戒指，萧炎苦笑道：“这几年，还真是辜负母亲的期望了…”</span><span class=\"review-count\" data-segid=\"40\">22<i><cite></cite></i></span></p><p data-type=\"2\"><span class=\"content-wrap\">　　深深的吐了一口气，萧炎忽然回转过头，对着漆黑的树林温暖的笑道：“父亲，您来了？”</span><span class=\"review-count\" data-segid=\"41\">9<i><cite></cite></i></span></p><p data-type=\"2\"><span class=\"content-wrap\">　　虽然斗之气只有三段，不过萧炎的灵魂感知，却是比一名五星斗者都要敏锐许多，在先前说起母亲的时候，他便察觉到了树林中的一丝动静。</span><span class=\"review-count\" data-segid=\"42\">5<i><cite></cite></i></span></p><p data-type=\"2\"><span class=\"content-wrap\">　　“呵呵，炎儿，这么晚了，怎么还待在这上面呢？”树林中，在静了片刻后，传出男子的关切笑声。</span><span class=\"review-count\" data-segid=\"43\">6<i><cite></cite></i></span></p><p data-type=\"2\"><span class=\"content-wrap\">　　树枝一阵摇摆，一位中年人跃了出来，脸庞上带着笑意，凝视着自己那站在月光下的儿子。</span><span class=\"review-count\" data-segid=\"44\">3<i><cite></cite></i></span></p><p data-type=\"2\"><span class=\"content-wrap\">　　中年人身着华贵的灰色衣衫，龙行虎步间颇有几分威严，脸上一对粗眉更是为其添了几分豪气，他便是萧家现任族长，同时也是萧炎的父亲，五星大斗师，萧战！</span><span class=\"review-count\" data-segid=\"45\">61<i><cite></cite></i></span></p><p data-type=\"2\"><span class=\"content-wrap\">　　“父亲，您不也还没休息么？”望着中年男子，萧炎脸庞上的笑容更浓了一分，虽然自己有着前世的记忆，不过自出生以来，面前这位父亲便是对自己百般宠爱，在自己落魄之后，宠爱不减反增，如此行径，却是让得萧炎甘心叫他一声父亲。</span><span class=\"review-count\" data-segid=\"46\">5<i><cite></cite></i></span></p><p data-type=\"2\"><span class=\"content-wrap\">　　“炎儿，还在想下午测验的事呢？”大步上前，萧战笑道。</span><span class=\"review-count\" data-segid=\"47\">3<i><cite></cite></i></span></p><p data-type=\"2\"><span class=\"content-wrap\">　　“呵呵，有什么好想的，意料之中而已。”萧炎少年老成的摇了摇头，笑容却是有些勉强。</span><span class=\"review-count\" data-segid=\"48\">1<i><cite></cite></i></span></p><p data-type=\"2\"><span class=\"content-wrap\">　　“唉…”望着萧炎那依旧有些稚嫩的清秀脸庞，萧战叹了一口气，沉默了片刻，忽然道：“炎儿，你十五岁了吧？”</span><span class=\"review-count\" data-segid=\"49\">5<i><cite></cite></i></span></p><p data-type=\"2\"><span class=\"content-wrap\">　　“嗯，父亲。”</span><span class=\"review-count\" data-segid=\"50\">1<i><cite></cite></i></span></p><p data-type=\"2\"><span class=\"content-wrap\">　　“再有一年，似乎…就该进行成年仪式了…”萧战苦笑道。</span><span class=\"review-count\" data-segid=\"51\">4<i><cite></cite></i></span></p><p data-type=\"2\"><span class=\"content-wrap\">　　“是的，父亲，还有一年！”手掌微微一紧，萧炎平静的回道，成年仪式代表什么，他自然非常清楚，只要度过了成年仪式，那么没有修炼潜力的他，便将会被取消进入斗气阁寻找斗气功法的资格，从而被分配到家族的各处产业之中，为家族打理一些普通事物，这是家族的族规，就算他的父亲是族长，那也不可能改变！</span><span class=\"review-count\" data-segid=\"52\">2<i><cite></cite></i></span></p><p data-type=\"2\"><span class=\"content-wrap\">　　毕竟，若是在二十五岁之前没有成为一名斗者，那将不会被家族所认可！</span><span class=\"review-count\" data-segid=\"53\">5<i><cite></cite></i></span></p><p data-type=\"2\"><span class=\"content-wrap\">　　“对不起了，炎儿，如果在一年后你的斗之气达不到七段，那么父亲也只得忍痛把你分配到家族的产业中去，毕竟，这个家族，还并不是父亲一人说了算，那几个老家伙，可随时等着父亲犯错呢…”望着平静的萧炎，萧战有些歉疚的叹道。</span><span class=\"review-count\" data-segid=\"54\">5<i><cite></cite></i></span></p><p data-type=\"2\"><span class=\"content-wrap\">　　“父亲，我会努力的，一年后，我一定会到达七段斗之气的！”萧炎微笑着安慰道。</span><span class=\"review-count\" data-segid=\"55\">3<i><cite></cite></i></span></p><p data-type=\"2\"><span class=\"content-wrap\">　　“一年，四段？呵呵，如果是以前，或许还有可能吧，不过现在…基本没半点机会…”虽然口中在安慰着父亲，不过萧炎心中却是自嘲的苦笑了起来。</span><span class=\"review-count\" data-segid=\"56\">4<i><cite></cite></i></span></p><p data-type=\"2\"><span class=\"content-wrap\">　　同样非常清楚萧炎底细的萧战，也只得叹息着应了一声，他知道一年修炼四段斗之气有多困难，轻拍了拍他的脑袋，忽然笑道：“不早了，回去休息吧，明天，家族中有贵客，你可别失了礼。”</span><span class=\"review-count\" data-segid=\"57\">2<i><cite></cite></i></span></p><p data-type=\"2\"><span class=\"content-wrap\">　　“贵客？谁啊？”萧炎好奇的问道。</span><span class=\"review-count\" data-segid=\"58\">5<i><cite></cite></i></span></p><p data-type=\"2\"><span class=\"content-wrap\">　　“明天就知道了.”对着萧炎挤了挤眼睛，萧战大笑而去，留下无奈的萧炎。</span><span class=\"review-count\" data-segid=\"59\">1<i><cite></cite></i></span></p><p data-type=\"2\"><span class=\"content-wrap\">　　“放心吧，父亲，我会尽力的！”抚摸着手指上的古朴戒指，萧炎抬头喃喃道。</span><span class=\"review-count\" data-segid=\"60\">2<i><cite></cite></i></span></p><p data-type=\"2\"><span class=\"content-wrap\">　　在萧炎抬头的那一刹，手指中的黑色古戒，却是忽然亮起了一抹极其微弱的诡异毫光，毫光眨眼便逝，没有引起任何人的察觉…</span><span class=\"review-count\" data-segid=\"61\">24<i><cite></cite></i></span></p><p data-type=\"2\"><span class=\"content-wrap\"> \n        </span><span class=\"review-count hidden\" data-segid=\"62\"></span></p></div>', '11581', '2');
INSERT INTO `content` VALUES ('3', '    黑云城，聂家。\n\n    夜幕降临，一身素衣的聂茜倚着窗台，望着窗外的假山，怔怔出神。\n\n    屋内，刚满周岁的聂天，不耐地推开奶娘，嘴角沾满奶渍，却眼巴巴地望着聂茜，咿咿呀呀地喊道：“肉，吃肉……”\n\n    奶娘周妈脸色尴尬,讪笑道:“大小姐，你看……”\n\n    聂茜回过神来，瞪了一眼虎头虎脑的聂天，低骂道：“这小混蛋，今天已经吃了两碗肉泥了，不好好喝奶，现在又要吃肉，也不知道他能不能好好消化。”\n\n    “肉，要吃肉……”聂天依旧笑呵呵地叫喊。\n\n    望着满脸讨好笑容的聂天，聂茜想起了离世的妹妹，心中一软，冲着奶娘周妈轻轻点了点头。\n\n    周妈旋即将一碗剁碎了的肉泥端出，轻轻放在桌台上，聂天漆黑的眼珠子猛然一亮，拿起银质汤勺，便娴熟地挖了起来，胖乎乎的小脸上全是满足。\n\n    听着聂天“吧唧吧唧”的吃食声，聂茜没来由的感到有些烦躁，“小月，明天的抓阄，共有多少孩子参加？”聂茜突然问道。\n\n    门口，丫鬟韩月犹豫了一下，轻声道：“大小姐，只要是聂家的，姓聂的，在周岁左右的孩子，都会参加。毕竟每隔五年，凌云山的老神仙才会带着灵器，来这么一次，算是犒赏聂家多年的辛勤，谁家有周岁的孩子，都是不愿意错过机会的。”\n\n    聂家在黑云城也是名门望族，然而这个天地，却是炼气士为尊，凡尘的家族势力，几乎都是在为那些强大的炼气士服务，聂家自然也不例外。\n\n    聂家依附的炼气士宗派为凌云宗，就坐落在黑云城附近的凌云山，凌云山的山腹内，盛产火云石，火云石乃炼气士修炼所需的一种常见的低级灵材，凌云宗的炼气士终年忙于修炼，不愿耗费时间在山腹开采这种低级的火云石，便安排聂家的族人前往。\n\n    聂家的一代代族人，都是通过开采火云石，进贡向凌云宗，来换取凌云宗的庇护。\n\n    而凌云宗的炼气士，除了保护聂家不受黑云城其它家族势力的打压以外，每隔五年，还会来一趟聂家，用一些低级的灵器，以抓阄的方式，来测炼聂家幼儿的修炼天赋。\n\n    每一个孩童，出生后，身体都或多或少带有点特殊属性，除了金木水火土五行属性外，还有的孩童体内蕴含较为稀少的雷电、风、云、寒冰等属性，凌云宗的炼气士每趟过来，都会带有数种同样具有各类属性的低级灵器。\n\n    具备同样属性的孩童和灵器，能相互感应吸引，由此可以确定孩童体内的属性，这\n\n    （本章未完，请翻页）让父辈能对症下药，知晓孩子未来的修炼方向，使得修炼一途事半功倍。\n\n    凌云宗的炼气士，会用那些低级的灵器，来笼络聂家的忠心，抓阄大会上拿出的低级灵器，都会赠与属性相合的聂家幼儿。\n\n    对凌云宗炼气士而言，那些低级无大用的灵器，却有助于聂家幼儿的修炼，甚至在很长一段时间内，都是聂家孩童的最趁手灵器。\n\n    也是如此，每五年一次的抓阄大会，都会令聂家沸腾，任何一个有周岁左右幼儿的聂家长者，都会将其视为孩儿的人生大事，趋之如骛。\n\n    此次，同样也不例外。\n\n    “我是问你，这回共有多少孩子参加？”聂茜皱眉道。\n\n    “七个。”韩月低头轻语。\n\n    “小天恰好也是周岁，他也姓聂，为何没有人通知我，让聂天也去参加这次的抓阄大会？”聂茜冷哼。\n\n    “大小姐……”韩月一脸苦笑，抬头看了一眼聂茜，弱弱地说：“聂天虽是二小姐的孩子，可二小姐……和你一样，都只是女儿身，而且二小姐离世前，也未曾说明聂天的生父是谁。”\n\n    “聂家的规矩摆在那，只有真正的孙儿和孙女，才有资格去参加五年一次的抓阄大会，外孙……可不在此列啊。”\n\n    “我才不管那些破规矩，爹爹现在还是家主，我这就找他讨个说法！”聂茜恨恨道，话罢，她便气冲冲离开。\n\n    “老爷子虽目前还是家主，可这个位置……并不牢固啊！”在聂茜愤怒离开之后，韩月满脸苦涩，喃喃自语。\n\n    半响后。\n\n    聂茜闯入聂东海的楼阁，张口气愤地叫嚷道：“爹爹，聂天也是……”\n\n    她的一声叫喊戛然而止。\n\n    昏暗的屋内，聂家现任家主聂东海，蜡黄的脸上满是疲惫之色，原本雄壮的身躯如今干瘦如材，佝偻着倚在墙壁上，正望着左手掌心一枚暗红色的丹药，犹豫不决。\n\n    怒气冲冲地韩茜，心头一酸，声音突然柔软了下来，温声劝说：“爹爹，不要。”\n\n    她一眼就认出，聂东海掌心的丹药，乃是回神丹，服用了回神丹，可以让一名炼气士短时间内灵气充沛，精神旺盛，有回光返照之功效。\n\n    可回神丹，却是在透支炼气士的潜能和寿元，事后会令炼气士身心大损。\n\n    一般而言，只有炼气士与人争斗，生死攸关之际，才会动用回神丹来寻求一线生机，平常是万万不敢服用的。\n\n    垂头看着回神丹许久的聂东海，眼见聂茜到来，勉强一笑，艰涩道：“自从被云家\n\n    （本章未完，请翻页）和袁家重创以后，我气海碎裂，灵气的聚集已抵不上溃散之速度，我的修为，已终身无望踏入先天，甚至这中天境界……也可能快要保之不住了。”\n\n    “老二和老三想我的这个家主之位，已经想了很久，明天凌云宗的人就会过来，要是让他看出我的境界每况愈下，再给老二老三煽风点火一番，我这个位置，恐怕真要拱手相让了。”\n\n    “爹爹，如果要以透支寿元来换取家主之位，我宁愿您早早退下来。”聂茜眼眶湿润道。\n\n    “你懂什么？”聂东海猛地一瞪眼，脸上满是肃杀和恼怒，“只有我还是聂家之主，你在云家所受之辱，才有讨回公道的那一！还有骗了你妹妹的那个人，我只能动用聂家之力，才有希望查出他是谁！”\n\n    “我若退下了，老二和老三，绝无可能理会你和你妹妹的仇怨！为了你和瑾儿，这个位置，我能多坐一天，就多坐一天！”\n\n    “少活几年又算得了什么？我一旦退下，便再也无力为你们争取什么，那样和死了又有什么分别？”\n\n    “爹爹啊！”聂茜已泣不成声。\n\n    “好了好了，别像个没长大的孩子一样，说说吧，你急着找我何事？”聂东海深吸一口气，神情恢复了坚毅。\n\n    “爹爹，明天的抓阄大会，事关重大，你既然让小天姓了聂，我希望小天也能参加。小天如果能在抓阄大会上，找到适合他的灵器，这会对他以后的修炼帮助极大。或许，他就能借助那样灵器，在十五岁时踏入炼气九层，从而进入凌云宗。”聂茜哀求道。\n\n    “此事……”聂东海面露难色，“我又何尝不知？为了此事，我和老二老三早已谈过，可他们一口咬死小天不是我聂家真正的儿郎，非要以族规将小天拒之门外。”\n\n    “爹爹，您的修炼之途已到尽头，妹妹也不在了，而我……这一生也就如此了。我们这一支人丁不旺，只有小天一个男儿，我希望您能够为小天尽力争取一个机会。”聂茜眼泪汪汪道。\n\n    聂东海沉默许久，轻轻点头，“我明白了，你回去吧，明日你带聂天准时来参加抓阄大会。”\n\n    聂茜泪光闪烁的眼中，突显一丝喜色，旋即鞠身退下。\n\n    就在她踏出房门，即将远去时，她听到了聂东海吞下回神丹的声音，还有聂东海的一声长长叹息。\n\n    聂茜心如刀割，自知她的到来，反而助聂东海下定了决心，她不忍心回首去看，快步仓惶离开。\n\n    ……', '2920', '3');
INSERT INTO `content` VALUES ('4', '    烈日如炎，灼热的阳光从天空上倾洒下来，令得整片大地都是处于一片蒸腾之中，杨柳微垂，收敛着枝叶，恹恹不振。\n\n    在那一片投射着被柳树枝叶切割而开的明亮光斑的空地中，数百道身影静静盘坐，这是一群略显青涩的少年少女，而此时，他们都是面目认真的微闭着双目，鼻息间的呼吸，呈现一种极有节奏之感，而随着呼吸的吐纳，他们的周身，仿佛是有着肉眼难辨的细微光芒出现。\n\n    微风悄然的吹拂而来，衣衫飘动，倒是略显壮观。\n\n    在这数百道身影前方，有着一座石台，石台上，同样是有着一道身影安静的盘坐，他双手在身前相合，十指交叉，双目紧闭，犹如是进入了某种修炼状态之中。\n\n    这道身影也是少年模样，他有着一头柔软而略显散乱的黑发，尚还显得稚嫩的脸庞有点清瘦，让人看起来有着一种相当舒服的感觉。\n\n    而此时，在这名少年的周身，正有着肉眼可见的光芒绽放着，在那种光芒下，仿佛是有着一股玄奥的能量，正在对着他的体内涌去。\n\n    石台下，一些少年突然悄悄的睁开眼睛，他们望着石台上那少年周身的光芒，皆是忍不住的舔舔嘴，脸庞上露出了一些羡慕钦佩之色，而后那股安静便是被他们的窃窃私语声开始打破。\n\n    “牧哥真厉害，我们都还在感应天地灵气，他就已经成功晋入灵动境了，真不愧是我们东院地届的第一人啊。”\n\n    “哈，那是当然，莫说东院了，我想整个北灵院同等年龄中，恐怕都没几人能和牧哥比。”\n\n    一名靠前的灰衣少年似乎与石台上的少年颇为熟悉，他听得大伙的窃窃私语，不由得得意一笑，压低声音道：“牧哥可是被选拔出来参加过“灵路”的人，我们整个北灵境中，可就牧哥一人有名额，你们应该也知道参加“灵路”的都是些什么变态吧？当年我们这北灵境可是因为此事沸腾了好一阵的，从那里出来的人，最后基本全部都是被“五大院”给预定了的。”\n\n    “五大院？”不少少年听得这对于他们而言极端耀眼的名字，都是忍不住的咽了口唾沫，眼中满是向往与火热之色，那里，算是所有少年人心中的终极梦想所在，只不过“五大院”选拔极端的严苛，能够进入其中的，莫不是天才之姿，谁若是能够进入其中，那也真正算是前途无量了。\n\n    “牧哥是很厉害...不过，不过牧哥好像只参加了一年...我听别人说，牧哥是第一个“灵路”时间未曾完结就被驱逐出来的人...”\n\n    有着一名少年犹豫了一下，悄悄的说道，但旋即他又赶紧补充道：“牧哥的能力我们都知道，就算那“灵路”中都是来自大世界各处的天才妖孽，可牧哥也绝不会逊色，这样被驱逐出来，一定是受到了不公对待！”\n\n    众多少年少女面面相觑，这事情在北灵院甚至整个北灵境也不算什么秘密，他们在对此感到遗憾的同时，又相当的好奇，他们很想知道，究竟是因为什么原因，这个出色得让同样有着几分傲气的他们都信服的牧哥，竟然会被那“灵路”主动的驱逐出来。\n\n    那灰衣少年撇了撇嘴，不以为然的道：“哼，肯定是那“灵路”里有人嫉妒牧哥，这才使用手段把他逼走，不过没关系，以牧哥的能力，迟早也能够进入“五大院”，到时候自然让人明白。”\n\n    众多少年捎了捎头，虽然他们也知道他们口中这位牧哥天赋极强，但五大院也不是这么好进入的啊，毕竟他在那“灵路”中，只是修炼了一年时间，还谈不上成功的完成修炼，这与那些从“灵路”真正出来的天才妖孽相比，应该还是要差一些的。\n\n    “啪！”\n\n    不过就在他们说话间，一块碎木突然从石台上飞下，然后甩在那灰衣少年额头上，一道轻笑的骂声随之传来：“苏凌，你们真当我是摆设吗？信不信我告诉莫师，让你们接下来的假期都留在东院补习修炼？”\n\n    众多少年少女忙抬起头来，只见得石台上修炼中的少年已经睁开了双目，漆黑的双目犹如夜空，其中灵气十足，在其嘴角，也是噙着一抹笑容，那笑容阳光而柔和，犹如点睛之笔一般，令得少年的面目，变得有些帅气起来。\n\n    不得不说，这是一个挺有味道的少年郎。\n\n    “嘿嘿，牧尘哥别啊，好不容易放点假，我还指望着回去乐乐呢，我爹要是知道我干这么丢人的事，非打死我不可。”那灰衣少年捂着额头，嘿嘿直笑。\n\n    周围的少年少女也是哄笑出声，气氛热闹。\n\n    “你也知道你爹凶狠，三月之内，你若再无法晋入灵动境，你就等着挨揍吧。”那被称为牧尘的少年摇了摇头，没好气的道。\n\n    “灵动境哪有这么好晋入，我又不是牧哥你这样可以随随便便参加“灵路”的变态。”那苏凌撇了撇嘴，旋即忙止住嘴巴，这件事情虽然在整个北灵境都不算什么秘密，而且牧尘本人也对此并不避讳，但这种驱逐总归不会是什么光彩的事。\n\n    名为牧尘的少年闻言则是一笑，神情并没有太大的波动，只是微微抬起头来，目光望着那割碎着光斑的树枝，眼神略显怀念与复杂。\n\n    灵路啊...\n\n    不知道那几个家伙现在怎么样了，应该也已经结束修炼了吧？如果这样的话，或许不久后他们便是能够进入“五大院”了吧。\n\n    还有，她...\n\n    牧尘抿了抿嘴，脑海中掠过一道不管何时都背负着一柄暗黑长剑，有着窈窕身姿，冷漠而漂亮的容颜的黑裙少女。\n\n    倩影跳动间，那璀璨如银河般的耀眼银发，也是随之飘舞。\n\n    就是这个神秘冷漠，修炼起来让人感到疯狂的少女，在那灵路中，莫名其妙的追杀了他大半年，而那让得牧尘咬牙切齿的理由是他救了她一次。\n\n    不过，在最后他被逼迫的离开时，她却是第一个毫不犹豫拔剑挡在他身前的人。\n\n    想到那素来没有多少情感，有着成为祸水级别潜力的小脸在那时流露出的一丝冰冷杀意，牧尘也是忍不住的有些恍惚。\n\n    真是怀念啊。\n\n    “呵呵，这不是咱们北灵境那唯一一个参加了“灵路”的小牧哥吗？又在带人修炼啊？莫师还真是器重你呢。”\n\n    而就在牧尘沉侵在那种复杂心情中时，突然有着一道略显刺耳的声音传来，他脸庞平静的抬起头来，只见得不远处突然有着十数道身影慢吞吞的走来，那为首一人，是一位面容桀骜的少年，他此时正嘴挑着草根，笑眯眯的望着牧尘。\n\n    “刘彻，你们西院的人跑我们东院干什么？找揍不成？!”那之前被牧尘称为苏凌的少年见到这群人，面色却是一沉，站起身来冷笑道。\n\n    唰！\n\n    空地上那数百名东院的学生，也是在此时站起来，目光不善的望着这群来人，人数汇聚起来，倒是相当的有气势。\n\n    在这北灵院中，分为东院与西院，两院之间经常产生各种竞争，不过总体来说，以往一直是西院强于东院，在西院面前，东院的学生也是大多避着走，可这一年来，局势却是变化了不少，而这种变化的原因，便是因为牧尘的存在。\n\n    三月之前的一场两院地届学员比试中，西院这一届排名第三的薛东，落败于牧尘之手，倒是让得东院不少学生出了一口恶气，也令得西院的嚣张气焰变弱了一些。\n\n    而眼下，这些西院的家伙，竟然跑过来挑衅牧尘，这可让得苏凌他们有些忍不了。\n\n    “呵呵，现在的东院真是越来越得瑟了，以为出了一个牧尘就真能跟我们西院叫板不成？”\n\n    那刘彻见到东院人多势众，却是丝毫不见惧色，反而是嘴角一撇，手指指向不远处的高台，咧嘴笑道：“你们敢动手试试？”\n\n    苏凌他们目光投望而去，只见得在那高台上，有着数道身影，那些身影正笑眯眯的望着这边，而在见到那些有点熟悉的面孔后，苏凌等人面色都是变了一变。\n\n    “是西院天届的学长们...”\n\n    在北灵院中，不仅分为东西两院，而且还分为天地两届，而牧尘他们则是地届，眼下高台上的这些人，便是西院天届的学长，实力比起他们自然是要厉害许多。\n\n    而在苏凌他们面色因此变化时，那高台上的天届学长们也是居高临下的笑望着他们，彼此交谈。\n\n    “那是东院的牧尘吧？现在可是我们北灵院甚至北灵境的名人呢，没想到这种年龄就晋入灵动境了，虽然只是灵动境初期，不过也有资格升入天届了，倒是厉害啊。”\n\n    “是还不错，东院倒是出了个人才，以后等他升上东院天届，我们西院天届怕就要有些压力了哦。”\n\n    “这小子据说被选中了参加“灵路”呢，不过不知道为什么被驱逐出来了，倒是有点滑稽，第一次听说这种事情。”\n\n    “莫不是选错人了，这才把他丢出来吧？”\n\n    “哈哈。”\n\n    在这群人当中，有着一名红衣女孩，她身段修长，肌肤如雪，一张美丽的瓜子脸颊看上去显得有些妩媚，她慵懒的斜靠着栏杆，狭长的美目望向空地上的对恃，然后目光停留在那名为牧尘的少年身上，似是饶有兴致。\n\n    “呵呵，红绫，你似乎与这牧尘还认识吧？”有着一名天届的学长笑着道，从众人的站位来看，显然她才是这个小圈子的中心。\n\n    “嗯，他父亲是北灵境域主之一，与我父亲也算是有些关系，小时候曾在一起玩过。”那被称为红绫的女孩漫不经心的道。\n\n    “据说当初他好像喜欢你来着？”\n\n    红绫狭长的美目眨了眨，她望着不远处那笔直盘坐的身躯，此时有着一道光束穿透柳树枝叶，刚好是落在少年俊逸的脸庞上，形成一圈淡淡的光弧，舒服而好看，这令得她微怔了一下，隐约的还能够记起小时候那跟着她屁股后面的小男孩，只不过那时候的他，倒是没什么引人注目的地方，她也是并没有给予过多的注意，然而谁能想到，如今这个彼此关系有些疏远的少年，却是能够成为“北灵境”中唯一一个获得参加“灵路”资格的人，当时的牧尘在这北灵境可谓是风头极盛，那种风头，直到后来他突然被驱逐出“灵路”后方才开始淡去。\n\n    “小时候的事情，哪能算什么喜欢。”红绫似是不在意的一笑，不过那明亮眸子倒是多看了牧尘一眼，如今的后者随着进入北灵院，也是开始崭露头角，虽然还不至于成为北灵院第一人，但被这种优秀的人喜欢这种事传出来，于她而言还是有些面子的，即便她心中清楚其实这件事还是谣言成分居多，但这般年龄的女孩，终归是有些虚荣的。\n\n    “哈哈，红绫的眼光可不一般，这牧尘虽然还算不错，可还达不到让红绫动心的地步，你难道没见到连林修都失败了么？那可是咱们北灵院总榜第七的牛人呢，现在都晋入灵动境中期了，这牧尘与他比还是有点差距的。”\n\n    “看来我们这北灵院，能够让得红绫多看一眼的，也就柳慕白大哥了。”\n\n    柳慕白这个名字一出来，就连这些天届的学长们神情都是顿了顿，显然是感受到不小的压力。\n\n    北灵院总榜第一，柳慕白，其父亲更是北灵境第一大域的域主，威名显赫。\n\n    不论从样貌还是实力或者背景来说，这都是一个在北灵院中随时能够引来一些少女发花痴的名字。\n\n    在西院的学员眼中，谁都知道那柳慕白与红绫走得微近，虽然至今为止依旧未将这朵骄傲的西院之花摘下，但想来应该只是时间问题罢了。\n\n    如果牧尘是顺利的通过了那“灵路”的历练，获得进入“五大院”的资格，那名气自然是能够压过柳慕白，但可惜的是，他不知道怎么回事竟然被驱逐出来了。\n\n    这样一来，谁若是再将两人放在一起相比，无疑就只能令得旁人一笑了。', '4480', '4');
INSERT INTO `content` VALUES ('5', '　　铁柱坐在村内的小路边，望着蔚蓝的天空，神情发呆，铁柱不是他的本名，而是从小因为身体瘦弱，父亲怕养不活，于是按照习俗称呼的小名。\n\n　　他的本名叫做王林，王姓在四周几个村落内算是大姓，祖上木匠出身，尤其是在县城，王氏家族也算颇有名气，拥有数个专门卖木制品的店铺。\n\n　　铁柱的父亲是家族内庶出的次子，不能接管家族要务，而是在成婚后离开县城，在此地村庄定居。\n\n　　由于有一手精湛的木匠活儿，铁柱家境也算小康，吃穿不愁，就算是在村子里，也多受人尊敬。\n\n　　铁柱从小就极为聪明，喜欢读书，想法很多，几乎是村子内公认的神童，父亲每次听到别人夸奖，脸上的皱纹都会绽开，露出开怀的微笑。\n\n　　母亲更是对他关心有佳，可以说从小到大，铁柱都是生活在父母的慈爱之中，他知道父母对他期望很高，别人家的孩子在他这个年纪都已经下地干农活了，可他却在家读书。\n\n　　书读的多了，想法自然也就随之而来，对于山村外的世界，他充满向往。抬头望了望小路的尽头，铁柱叹息一声，合上手中书本，起身向家中走去。\n\n　　父亲坐在院子里，手中拿着烟袋，深深的吸了一口后，对推门进来的铁柱说道：“铁柱，书读的怎么样了？”\n\n　　铁柱应付了几句，父亲磕了磕烟袋，起身说道：“铁柱啊，你要好好读书，明年就是县里大考了，你以后有没有出息，可就全看这次了，可别跟我一样，这辈子就呆在村子里，唉。”\n\n　　“行了，你天天叨叨，要我说，我们家铁柱一定能考上。”铁柱的母亲，端着饭菜放在院内桌子上，招呼他们父子二人过来吃饭。\n\n　　铁柱哦了一声，坐下后胡乱的拔了几口，母亲慈爱的望着儿子，把不多的几块肉，给他夹过去。\n\n　　“爹，四叔快来了吧？”铁柱抬头说道。\n\n　　“算算时间，差不多就是这几天了，你四叔比爹有出息，唉，孩儿他娘，给老四准备的山菜都包好了吧？”父亲一提起老四，脸上露出唏嘘之色。\n\n　　母亲点头，感慨道：“铁柱啊，你四叔是个好人，这几年幸亏他帮助，你爹做的木雕才能卖出价钱，你以后要是有出息了，别忘记报答你四叔。”\n\n　　正说着，忽然门外传来马声，接着马车轱辘压地的哗哗声随之而来，一个爽朗的声音在外面响起。\n\n　　“二哥，开门喽。”\n\n　　铁柱惊喜，立刻跑过去把院子大门推开，只见一个精壮的中年汉子，目光炯炯的站在门外，他看到铁柱后哈哈一笑，摸了摸他的脑袋，笑道：“铁柱，这才半年没看到，个子又长高了。”\n\n　　铁柱父母连忙站起，他父亲笑道：“老四，我约莫时间，你也快来了，快进来，铁柱，还不去给你四叔拿凳子去。”\n\n　　铁柱高兴的应了一声，急忙跑回屋子，拿出一个板凳放在饭桌旁，用袖子认真的擦了擦，希冀的望着中年汉子。\n\n　　中年汉子冲他眨了眨眼睛，打趣道：“铁柱，这次怎么这么勤快啊，我记得上次我来的时候，你可没这样啊。”\n\n　　铁柱父亲瞪了铁柱一眼，笑骂道：“这小兔崽子，刚才就在叨叨你是不是快来了。”\n\n　　中年汉子看到铁柱小脸微红，笑道：“铁柱，你四叔可没忘记答应你的东西。”说完，从怀来拿出两本线状书，放在桌子上。\n\n　　铁柱兴奋的欢呼一声，拿起书翻看一下，喜不自禁。\n\n　　铁柱他娘慈祥的望了眼自己儿子，对中年汉子说道：“老四，你哥平时总念叨你，这次多住几天吧。”\n\n　　中年汉子摇头道：“二嫂，家族这段日子事情多，我明儿一早就要赶回去，等这段时间忙完了，我再来看你们。”说完，他歉意的看了看自己二哥。\n\n　　铁柱父亲叹息，说道：“老四别听你嫂子的，明儿把货物装好，家族的事儿最重要，咱们以后再聚也一样。”\n\n　　中年汉子望着铁柱父亲，说道：“二哥，铁柱今年十五岁了吧？”\n\n　　铁柱父亲点头，感慨道：“过了年，这小兔崽子就十六了，唉，一晃十多年过去，真快。”说着，他眼露溺爱之色，望着自己的儿子。\n\n　　中年汉子沉吟少许，面色一肃，说道：“二哥，二嫂，和你们说件事儿，恒岳派今年收取弟子，家族有三个推荐名额，分到我这里有一个。”\n\n　　铁柱父亲一怔，失色道：“恒岳派？可是那个全都是仙人的恒岳派？”\n\n　　中年汉子一笑，点头说道：“二哥，就是那个仙人门派，咱们家族在附近也算望族，有推荐资格，我家小子你也知道，读书不行，舞刀弄剑倒是擅长，我琢磨着仙人不大会收我家小子，这名额珍贵，我看铁柱从小就聪明，喜好读书，说不定能行。”\n\n　　铁柱母亲喜极，急忙说道：“老四，这……这……”\n\n　　中年汉子摸了摸铁柱脑袋，说道：“二哥，二嫂，我看这事就这么定了吧，让铁柱去试试，要是真被收取了，那就是他的福分。”\n\n　　铁柱迷惑的望着父母与四叔，他有些听不懂他们说些什么，仙人？什么叫做仙人？铁柱犹豫了一下，轻声询问。\n\n　　中年汉子面色严肃，望着铁柱，说道：“铁柱啊，仙人就是可以在天上飞来飞去，他们每一个人都神通广大，不是我们凡人可以琢磨的。”\n\n　　铁柱懵懂间，对仙人有了一丝好奇。\n\n　　铁柱父亲激动起身，拉着铁柱他娘对中年汉子就要鞠躬，中年汉子连忙把他们扶起，诚恳的说道：“二哥，你这是做什么。我娘死的早，要不是二娘小时候照顾我，我也不可能有今天，铁柱是我侄儿，我这么做是应该的。”\n\n　　铁柱父亲感慨流泪，重重的拍了拍中年汉子，点了点头，随后疾言厉色的对铁柱说道：“王林你记住，以后无论如何，都不要忘记你四叔对咱们家的恩惠，否则我就没你这个儿子！”\n\n　　铁柱内心一颤，他虽然对仙人还是懵懂，但却从父母的表情中看出他们对此事极为重视，于是跪在四叔面前，重重的磕了几个响头。\n\n　　中年汉子拉起铁柱，赞赏的说道：“好孩子，你这几天收拾一下，我月底来接你！”\n\n　　旁晚，铁柱早早的睡下，耳边还能听到院子里父亲与四叔的声音，父亲今天很高兴，很少喝酒的他，说什么也要和四叔喝上几杯。\n\n　　“仙人？到底是什么？”铁柱内心很兴奋，他幼小的心灵隐约知道，这将是自己的一个机会，一个可以去外面世界的机会！\n\n　　第二天一早，四叔离开了，铁柱的父母拉着他一直送到村口，在回来的路上，铁柱清晰的看到，父亲似乎一下子年轻了很多，看向他的眼神，也充满了期望。\n\n　　这种期望的眼神，要比之前让他去县里大考时，浓重很多。\n\n　　小山村内根本没有秘密可言，就是一只狗生了几个崽子也能在瞬间传遍全村，很快全村的人都从铁柱母亲嘴里知道了这个消息，纷纷来访，每个人的眼神看向铁柱时都不同，有羡慕，有嫉妒……\n\n　　“王家生了个好娃，人家被恒岳派收为弟子了。”\n\n　　“铁柱这孩子我从小看他长大，这孩子打小就聪明，这次又成为恒岳派弟子，以后定有大出息。”\n\n　　“铁柱有本事，以后出息了可别忘记咱们村，多回来看看啊。”\n\n　　诸如此类的话，纷纷涌入铁柱耳中，渐渐的说成了他已经成为恒岳派弟子一般，父母每次听到，都笑的合不上嘴，脸上的皱纹似乎都少了很多。\n\n　　每当铁柱独自走在村内，所有看到他的村民，都热情的拉着他问来问去，更有甚者甚至当着自己孩子面，把铁柱当成榜样，训导一番。\n\n　　半个月的时间很快过去，铁柱成为恒岳派弟子的消息迅速传开，周围十里八乡的村民，都陆续的前来道贺，他们的主要目的是看一看铁柱。\n\n　　每个人来时，都会准备礼物，铁柱父母推脱不掉，也就收下了。不过在这些人离开时，他们都会为其准备一份重重的回礼，按照铁柱父亲的话说，咱家的娃儿以后那是高高在上的仙人，不能让他欠下这么多人情债，所有来访的村民，咱都给他回礼。\n\n　　此时，王氏家族的族人，也渐渐知道老四把自己娃的名额让给铁柱的事情，纷纷陆续前来道喜。\n\n　　对于自己家族的族人，铁柱父亲极为重视，这些人里有很多是之前瞧不起他的，更有多年前把他逼出家族的，现在这些人一个个前来他家，让他感觉一下子多年的憋屈一扫而空。\n\n　　他和铁柱他娘商量一下，准备好好招待一番，于是花了大价钱，请村里的教书先生写下请帖，送往族内。\n\n　　教书先生说什么也不收钱，只是要求铁柱必须要承认，他从小就在自己这里念书，对此铁柱没啥说的，这本就是事实嘛。\n\n　　请帖送到后，王氏家族族内大部分亲戚都来庆祝，由于来人太多，铁柱他爹把招待地点选在了村子中心的广场，摆下数百桌宴席。\n\n　　村子的居民自行帮着招待，相互交谈之时无不对铁柱赞叹有佳，夸奖不已。\n\n　　至于铁柱他爹，则是带着老婆孩子亲自在村口迎接，为铁柱一一介绍亲戚身份。\n\n　　“这是你三祖父，当初爹离开家族，你三祖父暗中帮衬了不少，铁柱，你以后要记的报答。”铁柱父亲搀扶着一个白发苍苍的老人，对王林说道。\n\n　　铁柱连忙乖巧的应诺，老人望着铁柱，感慨道：“老二啊，时间真快，你家娃娃都这么大了，你这娃很好，比你有出息。”\n\n　　铁柱父亲满面红光，笑道：“三祖父，铁柱这孩子从小就聪明，指定是比我强啊。您老慢点走，孩儿他娘，扶着三祖父过去。”\n\n　　铁柱母亲连忙上前，搀扶老人走向宴席。\n\n　　看到老人走了后，铁柱他爹哼了一声，对铁柱说道：“这老家伙，当初看不上你爹，非要把我逼走，现在铁柱你出息了，又来道喜，这亲戚啊，就是这样。”\n\n　　铁柱懵懂的点了点头，问道：“爹，四叔今天来么？”\n\n　　铁柱父亲摇头道：“你四叔传来信儿，他在外地回不来，等月底接你时才能赶回。”\n\n　　这时，又有马车奔行而来，在村口停下后，走出一个五十多岁的老者，他望了望铁柱父亲，轻叹一声，说道：“老二，恭喜。”\n\n　　铁柱父亲面色复杂，许久后说道：“大哥……”\n\n　　老者目光一扫，望着铁柱，微笑道：“老二，这就是你家小子吧，不错，这次说不定真能被选上。”\n\n　　铁柱父亲眉头一皱，随后舒展开，说道：“铁柱这孩子没啥优点，就是打小聪明，愿意读书，这次指定是会被选上。”\n\n　　“那可不一定，仙人门派收取弟子，要求非常严格，讲究有没有仙缘，我看这小子傻头傻脑的，去了也是白搭。”一个傲慢不逊的声音悠悠传来，从马车上走下一个十六七的少年。\n\n　　少年相貌俊美，剑眉星目，面如冠玉，眼中露出轻蔑之色。\n\n　　铁柱父亲怒目而视，王林则深深的看了对方一眼，没有说话。\n\n　　老者面色一肃，喝道：“王卓，怎么这么没有礼貌，这是你二叔，这是你弟弟王林，还不见礼。”说完，他又对铁柱父亲说道：“犬子说话难听，老二你别介意，不过……”说道这里，他话锋一转，又道：“不过老二，这仙人收徒，可不是那么简单的事情，需要讲究缘分，这次是恒岳派道虚上仙看重了犬子，这才对我王氏家族感兴趣，给了包括犬子在内的三个名额。”\n\n　　铁柱父亲哼了一声，说道：“你家娃既然能行，我家娃，一定也会被选中！”\n\n　　少年耻笑，根本就不在乎老者的喝斥，蔑视道：“你就是二叔吧，我劝你还是别往好了想，这修仙体制不说万中无一也差不多，这傻小子不可能和本少爷比，本少是被仙师内定的弟子，他能比么？”\n\n　　老者脸上得意之色一闪而过，又训斥了几句，对铁柱父亲一抱拳，带着少年走向宴席。\n\n　　“铁柱，不要有压力，要是真没被选上也不算啥，明年去县里大考也是一样。”铁柱父亲憋了半天气，许久后才缓舒出来，语重心长的说道。\n\n　　王林目光坚定，低声道：“爹，你放心，我一定能被选中！”\n\n　　铁柱他爹温和的拍了拍儿子肩膀，眼神中露出期望的目光。\n\n　　又陆续迎接了不少亲戚，铁柱父亲最后带着他回到宴席，此时高朋满座，场面热闹非凡，众人相互庆祝，熙熙攘攘。\n\n　　“族内的亲戚们，父老乡亲们，我王天水没啥文化，不会说什么词儿，但是我今天高兴，我家娃这次有机会被恒岳派选中弟子，是我这辈子最高兴的事儿，我多了也不说了，感谢各位来我这儿道喜，谢谢了！”铁柱父亲大声说完，端起酒杯一干二净。\n\n　　“老二，你家娃娃从小就聪明伶俐，一定能被选中，和王卓那孩子一样，成为仙人。”\n\n　　“二哥，你有铁柱这孩子，这辈子算不白活了，以后等着享福就行了。”\n\n　　“铁柱，给你爹争口气，这次无论如何也要进入恒岳派。”\n\n　　场面一时间大为锦繁，庆祝声四起，不过暗地里，也有很多人抱着看热闹的心态，比如王卓的父亲，就是如此，他表面上恭喜，内心却从来都瞧不起这个二弟，对他的孩子就更是如此，他望了望自己家的小子，又看了看铁柱，内心颇不以为然，心道老四这次把名额让出，虽然出乎自己预料，但只要那些仙人不是瞎子，就不可能选中铁柱。\n\n　　人生百态，此间众人一一可见，铁柱父亲拉着铁柱，挨个桌子敬酒，为他介绍一个又一个陌生的亲戚。\n\n　　这一天，铁柱的父亲喝了很多酒，他从来没有这么风光过，一直到很晚，亲戚陆续离开。临走时，少年王卓依然还是那副瞧不起的表情，趁人不注意在铁柱耳边轻声道：“傻小子，你不会被选中的，你没有那块料。”\n\n　　说完，他轻蔑的一笑，随着他父亲离开了。\n\n　　回到家中，铁柱躺在床上，内心暗自决定，无论如何，也要被选中！\n\n　　半个月匆匆而过，这一天，铁柱四叔赶着马车来了。\n\n　　铁柱父母连忙把他迎入房内，中年汉子洗了把脸，匆匆说道：“二哥，二嫂，这次不能待时间长，我接上铁柱马上离开，明天一早恒岳派就要来接人了。”\n\n　　铁柱父亲一怔，脸上露出一丝不舍之意，果断的说道：“行，铁柱，跟着你四叔走吧，你……你若是被选中，就踏踏实实的在恒岳派，若是……若是没被选中，不要有任何负担，回到家里来。”\n\n　　铁柱不舍的望着父母，重重的点了点头，他母亲从房间拿出个包裹，爱怜的说道：“铁柱，出去要听四叔话，不要惹事，外面不比家里，遇事多忍让，娘给你准备了几件新衣服，还有你最爱吃的烤甘薯，娘会想你的，要是没被选中，就回来……”铁柱他娘说着说着，眼泪就流了下来。\n\n　　铁柱从小到大，都没有出过村子，这次，是他第一次离开。\n\n　　四叔在一旁感慨，说道：“铁柱，给你爹娘争口气，一定要被选中。二哥，二嫂，家族几天后会有大型欢庆席，今天着急，我明儿来接你们一起过去，家族的三个被推荐上去的娃娃，那时就有结果了。”\n\n　　说完，他拉着铁柱匆匆上了马车，抽了马匹一鞭子，扬长而去。\n\n　　铁柱的爹娘，一直望着飞快消失的马车，泪流不止。\n\n　　“他爹，铁柱从来没离开过咱们身边，这次他出去会不会受欺负。”铁柱他娘咬着下唇，眼中露出不舍。\n\n　　“娃娃长大了，自有他们的福气……”铁柱父亲拿起烟袋，深深的吸了一口，脸上的皱纹，一下子又多了不少。', '5750', '5');
INSERT INTO `content` VALUES ('6', '    天空湛蓝，就仿佛一块巨大的蓝色翡翠，盛夏的太阳仿佛一个大火球，高高悬挂在这块巨大翡翠之中，看太阳位置，估计也就下午三点左右。\n\n    宜安区第三高中。\n\n    “叮叮叮……”随着响亮的铃声响彻整个校园，顿时整个校园中响起一片喧哗声，各栋教学楼中便鱼贯涌出了大量的学生，三五成群说笑着朝校门口走去。\n\n    “罗峰师兄！罗峰师兄！”一道粗厚的声音响起。\n\n    “阿峰，有人喊你。”\n\n    在学生人群当中，和同学一道走着的拿着书籍的青年，穿着普通蓝色运动服，身高大概一米七五，显得比较精瘦。此时他疑惑转头看去，喊他的是一名男生，身高大概有一米九，长的虎背熊腰，手臂更是粗壮的惊人。\n\n    “你是？”罗峰疑惑看着来人，自己似乎不认识眼前人。\n\n    这二人，一个壮硕的好似一头黑熊。而‘罗峰师兄’和普通人一般。\n\n    论身高……\n\n    这二人相差极大。可是这名虎背熊腰的男生，却显得有些拘谨，他仔细看了看他崇拜的‘罗峰师兄’，暗道：“看样子，传言没错，罗峰师兄，是挺好说话的。”\n\n    “罗峰师兄，我，我有事想请罗峰师兄帮忙。”壮硕男忐忑道。\n\n    “什么事？”罗峰一笑，说道。\n\n    “我练拳的时候，出拳发劲，总是感觉不对，不知道师兄你有没有时间指点一下。”这壮硕男生，连说道，“按照武馆老师说的，以我的力气，按道理一拳可以打出强上50％的力道。可是，我出拳发劲，总是达不到那么高。”\n\n    壮硕男生期盼看着罗峰。\n\n    “哦，是这样……”罗峰略微停顿一下，点点头，“这样吧，这个星期的星期天下午，在武馆的时候你找我。”\n\n    “谢师兄，谢师兄了。”这壮硕的男生连感谢道。\n\n    罗峰笑了笑，就和自己的同学一道离开。\n\n    目送着罗峰离去，壮硕男生露出兴奋之色，猛地一握拳，手臂上青筋暴突，兴奋低吼一声：“成功！”\n\n    “罗峰师兄，竟然就这么容易答应了？”一名穿着校服的男生惊讶道。\n\n    “传言果然没错，罗峰师兄是很好说话的，人也很好。”壮硕男生咧嘴笑道。\n\n    “可是……不对啊，我们第三高中，五千名学生中，获得‘武馆高级学员’称号的，一共才三个。三名高级学员当中，另外两个‘张昊白’和‘柳婷’可都是很傲的，根本是不肯浪费时间指点我们的。”校服男生疑惑道，“罗峰师兄脾气竟然这么好？”\n\n    现如今，整个世界上，各个国家地区，几乎每一个高中生，在接受文化教育之外，也会加入武馆，开发人体潜力。\n\n    宜安区第三高中，三个年级，一共近五千名高中生。\n\n    绝大多数，都是武馆的初级学员！只有极少数，是‘中级学员’。能获得‘高级学员’资格的，一共才三个人！\n\n    “耳听为虚，眼见为实。哼哼，看到了吧？罗峰师兄和另外两个可不一样。”壮硕男生撇嘴道，“那个张昊白和柳婷，家里都是富豪。从小家里花了大量金钱去培养，才能有这么强。至于罗峰师兄，和他们可不同！”\n\n    校服男生也点头：“我也听说了，罗峰师兄和我们一样，家里经济条件一般，住的还是廉租房呢。”\n\n    “对，罗峰师兄，能走到今天这一步，可完全是刻苦修炼。靠自己一拳一脚练出来的。哪像张昊白他们两个。”壮硕男生握紧拳头，深吸一口气，“我的目标就是罗峰师兄，我一定要在四年内，也就是大学毕业前，通过武馆考核，得到武馆的‘高级学员’称号！”\n\n    ……\n\n    此刻，他们谈论的那位罗峰师兄，正和一名运动服男生顺着学生人流，朝第三高中大门走去。\n\n    “阿峰，啧啧，刚才那个请你指点‘出拳发劲’的大块头男生走的时候，还和他同学夸你呢。”运动服男生，不由笑了起来，“夸你人好，夸你好说话。”\n\n    罗峰笑了笑：“怎么，魏文，你嫉妒了？”\n\n    “嫉妒你？”魏文一摸鼻子，嘿嘿笑道，“你做梦吧。我是在感叹，那个大块头不知道他敬佩的‘罗峰师兄’真面目啊。我可记得清清楚楚……那次在武馆的比武台上，他敬仰的‘罗峰师兄’连挑三人，打的三名高级学员爬不起来。”\n\n    罗峰一笑。\n\n    那一战，的确是他的成名战。\n\n    罗峰一拍魏文肩膀，笑道：“走吧，回家。”\n\n    魏文肩膀故作夸张的一抖，连喊道：“阿峰，你轻点。你这一拍，我肩膀都快碎了！”\n\n    “又装！”罗峰撇撇嘴，魏文是和他从小穿开裆裤，一起玩到大的死党。虽然不是亲兄弟，感情却也差不多。\n\n    小学，初中，高中。\n\n    一路走来，二人感情的确很深。\n\n    “咦？”\n\n    魏文忽然盯着前方，“阿峰，你看，是你暗恋的那位！”\n\n    “嗯？”罗峰也连看去，只见远处校门口学生人群中，有一名穿着牛仔裤、浅白色polo衫的的马尾辫少女正沿着路边走着。\n\n    罗峰心跳微微加速。\n\n    心中掠过一个名字——徐欣！\n\n    自己暗恋徐欣，这个秘密知道的人极少，不过好兄弟‘魏文’自然很早就知道了。\n\n    高一的时候，自己和徐欣被分到一个班级，第一次看到徐欣，就觉得眼前一亮……于是，上课的时候，自己坐在后面，不知怎么回事，总是控制不住自己，情不自禁看向前面坐着的徐欣背影，就这么默默看着。\n\n    只要能看到徐欣背影，就已经满足了。\n\n    高二因为分班，导致高二、高三，自己和徐欣不再一个班级。可是每当看到徐欣时，总是忍不住看过去……\n\n    “离高考只剩下一个月。”罗峰心中默默道，“过去我没勇气，也没时间去追女生谈恋爱。而现在最后一个月，大家都忙着高考复习，徐欣也是很要强的女生。怎么可能这时候分心谈恋爱？而且高考前最后一个月，我也不能分心，否则以后会后悔终生。”\n\n    “算了，这暗恋……就将它当作记忆吧。”\n\n    暗恋……\n\n    很苦涩，还没有开花，却已经凋谢。\n\n    罗峰只想默默将这一切放在心底。\n\n    “让你追徐欣，你不追。现在离高考只剩下一个月了。”魏文摇头道，“以后怕再也见不到徐欣了。你以后，后悔都晚了。”\n\n    “魏文，”罗峰摇摇头，“别说了，没获得‘武者’称号，我是不会分心谈恋爱的。”\n\n    “兄弟，你够狠！”\n\n    魏文竖起大拇指，“武者称号？我们整个高中五千人，都没一个能获得‘武者称号’。你竟然说，不获得武者称号，就不分心谈恋爱。牛，你牛！”\n\n    “嗯？”罗峰忽然瞥了校门口另外五个人一眼，“张昊白？”\n\n    在校门口学生人群中显得很惹眼的五个人，为首的青年身高足有一米八，穿着白色体恤衫，白色长裤，胸肌凸显的很明显。在他周围的四个人，或是身体壮硕，或是脸上有着刀痕，一看都是很凶悍的人物。而白衣白裤青年正是宜安区第三高中，三名武馆高级学员当中的一位——张昊白。\n\n    “罗峰。”张昊白看了罗峰一眼，不由发出一声低哼。\n\n    在整个高中如果说他张昊白最恨谁，显然就是这个罗峰！\n\n    毕竟，获得‘武馆高级学员’称号的三人中，有一个是女的。男生中，就他们两个是武馆高级学员！\n\n    而且，张昊白是有钱人家，而罗峰是普通人家，住着廉租房。\n\n    学习成绩上——罗峰压张昊白一头！\n\n    在武力上——罗峰、张昊白都获得‘高级学员’称号，而罗峰还曾经在武馆内，连战三名高级学员。打的那三人爬不起来，这被打的三人当中，其中之一就是‘张昊白’。那次他被打的掉了一颗牙！\n\n    而在家庭条件上，张昊白家明显有钱！\n\n    条件好，可学习成绩和武力，都被罗峰压一头。在学校，有人夸赞张昊白的时候，经常会有人拿罗峰出来比！\n\n    怨气！\n\n    张昊白对罗峰的怨气，实在太大。\n\n    “我们走。”张昊白舔了一下牙齿，牙齿似乎隐隐作痛，那次他就被打的满嘴血，掉了一颗牙。\n\n    “这张昊白，自武馆那次，被揍了一次，乖多了，再也不来招惹阿峰你了。”魏文目送张昊白几人远去，不由笑着和罗峰说道。\n\n    张昊白？\n\n    对于这纨绔子弟，罗峰从没有放在心上。\n\n    “多一事不如少一事。”罗峰说着，便和魏文一道回家。\n\n    回家途中。\n\n    “滴——滴——”街道上，汽车的喇叭声时而响起。现如今，汽车用的能源都是‘电能’，至少街道旁闻不到那种汽油味了。\n\n    “魏文，还有一个月就高考了。这一个月，我们可都得认真努力一把。”罗峰和魏文在人行道上走着，“武馆那边，可以暂时放松一点。每天做些恢复性训练即可，精力主要放在文化学习上。高考毕竟很重要，我们可都是学了十二年了。就看这一遭了。”\n\n    “对啊，十二年文化学习，就这一场考试定乾坤。”魏文也感叹一声，“高考啊高考，可是千军万马过独木桥。”\n\n    “嗯。”罗峰也点点头。\n\n    他家里的经济条件不算好，虽然他‘武馆高级学员’称号，注定他罗峰就是文化成绩再差，也能混一份‘精英保镖’的工作，年薪二三十万不成问题。可是……罗峰岂会甘心只是当一个保镖？\n\n    ……\n\n    此时的宜安区上空，大概一千米高空。\n\n    一头巨大的黑冠金雕正从城市高空飞行而过，它的身体约莫有二十余米长，就仿佛一架大型战斗机，全身羽毛隐隐泛着冰冷的金属光泽，头顶羽毛为幽黑色，就仿佛黑色皇冠一般，它那锋利巨大的利爪也是金黄色。\n\n    一双泛着蓝光的锐利冰冷双眸，朝下方的人类城市俯瞰，竟然隐隐有着一丝杀意。\n\n    “轰！”\n\n    原本飞行速度已经很快的黑冠金雕，速度猛然大涨，瞬间突破音障，达到一个骇人的速度。同时，一道高亢之极的雕鸣声从黑冠金雕口中爆发，可怕的声波竟然产生肉眼可见的冲击波，朝下方迅速幅散开去。\n\n    宜安区的白田路的一个十字路口，罗峰正和魏文等红绿灯。\n\n    忽然——\n\n    “昂——”\n\n    一道刺耳之际的鸣叫声猛然响起，这声音和春雷炸响的声音不一样，雷的声音很大，震耳欲聋！而这高亢的鸣叫声却是刺耳，罗峰只感到耳朵鼓膜都是隐隐疼痛，不由有些难受皱起眉头。路上不少行人都捂住耳朵。\n\n    “是飞禽鸣叫声音。”罗峰不由抬头看天。\n\n    “嗯？”罗峰一惊。\n\n    高亢刺耳的鸣叫声音震荡下，旁边街道的一座摩天大楼上一块块巨大的玻璃，发出低沉的“卡－卡－－”声音，不少玻璃龟裂开来，甚至于当场有十多块玻璃从高空掉落了下来，有的玻璃砸在人行道上，或是砸到人，有的则是砸到路旁的路灯。\n\n    “啪！”“蓬！”“噼啪！”……\n\n    一时间一阵炸裂声。\n\n    其中就有一块玻璃砸落在罗峰旁边的路灯上，当场就碎裂朝四周迸射开去，令不少行人连闪避。\n\n    “哇！”魏文连暴退两步，闪躲碎玻璃。\n\n    其中一块玻璃碎片，仿佛刀片射向罗峰。\n\n    “嗯？”罗峰目光一扫。\n\n    并没有闪躲，而是平静站在原地，右手闪电般伸出，瞬间抓出这迸射过来的碎玻璃。这玻璃碎块隐约映照出罗峰的样子，掂了两下，随手一扔，碎玻璃仿佛暗器一样直接射向远处的垃圾箱，哐当一声，准确的从垃圾箱**进。\n\n    马路上，受到影响的车流很快恢复正常，而人行道上的行人们却是议论纷纷，有些倒霉的人受伤了，可是大多数人却是一点伤势没有。\n\n    “好厉害。”罗峰不由仰头看了看天空，“在高空的一声鸣叫，竟然就有这么厉害。恐怕是极为厉害的飞禽怪兽。魏文。你不是对各种怪兽熟悉的很嘛，知道这是什么怪兽不？”\n\n    魏文眯着眼，双眼缝隙中透着兴奋的光芒：“阿峰，我们城市高空五百米有防御系统，这飞禽怪兽绝对在五百米高空之上，这么远距离，发出的声音，还能有这么大的威力。而且一般怪兽，也不敢在人类城市上空这么叫嚣！”\n\n    “这么厉害，这么嚣张，再根据声音，如果我猜测的不错……应该就是飞禽怪兽中，极为可怕的‘黑冠金雕’！”魏文郑重道。\n\n    “黑冠金雕？”罗峰眼睛一亮。\n\n    他当然听说过黑冠金雕的大名。\n\n    “黑冠金雕，在雕类怪兽中排第三。”魏文双眸放光，低沉道，“成年体的黑冠金雕，体长一般达到21米，翼展在36米左右，飞行时极速可以达到3.9马赫。那可是足足3.9倍音速。音速按照一秒340米计算的话，就是一秒1326米，也就是一小时4774公里。”\n\n    罗峰知道黑冠金雕厉害，可是听到一秒1326米的极限速度，依旧感到心中屏息。\n\n    一秒钟，也就是眼睛一眨啊。就一千米开外了。\n\n    “这黑冠金雕，羽毛比金刚石还要坚硬，应该达到三级克罗合金的硬度。”魏文兴奋连道，“网上可是有视频的，黑冠金雕曾经随怪兽群冲击过军队，遭受到口径20mm的火神炮轰击，火神炮可是一分钟7000发子弹，7000发子弹啊，那可是子弹金属流！而且每一发都能轰穿50毫米厚的钢板，可是……火神炮的疯狂轰击，轰击在黑冠金雕身上，竟然连一片羽毛都没轰击掉下来。”\n\n    “后来，还是一名神秘武者强者，手持一柄克罗合金战刀，化作一道流光，将黑冠金雕一刀劈成两半！”魏文说的热血沸腾。\n\n    罗峰也是心跳加速，血脉贲张！\n\n    那一段视频，在网上传播的很广，他也看到过。\n\n    “武者称号，我一定会获得武者称号，终有一天……我也要像那位前辈一样，能手持战刀，力劈黑冠金雕，大力魔猿这等怪兽。”罗峰在心中默默道，每一个年轻人心中都有一个梦想，罗峰心中就有着这样的梦想！\n\n    虽然说……\n\n    网络上称，那位一刀就将黑冠金雕劈成两半的神秘强者，在整个国际上，都是排名前100的超级武者！\n\n    “阿峰，阿峰，你想什么呢？前面到家了。”魏文不由喊道。\n\n    罗峰这才从澎湃的思绪中恢复过来，抬头看向前面由大量筒子楼组成的小区——南岸小区，一座由政府建造的廉租房小区，罗峰的家就在这个小区，一个他生活了十八年的地方。', '5609', '6');
INSERT INTO `content` VALUES ('7', '    南岸小区作为廉租房小区，土地利用的效率几乎接近极限，每一栋住宅楼都好像一根巨大的方形水泥柱，住宅楼之间的间距设计，根本没有考虑阳光照射。\n\n    罗峰的家，在其中一栋足有36层的住宅楼的第32层。\n\n    “阿峰，今晚去武馆吗？”魏文朝另外一栋住宅楼走去。\n\n    “今天晚上我要出去家教，等家教结束后可能会去一趟武馆，时间难说，今天晚上你就别等我了。”罗峰笑着一挥手，而后便踏着楼梯飞速朝楼上迅速飞奔，罗峰一步都是四级台阶，仿佛一头迅捷的豹子，眼睛眨两下，便到了二楼。\n\n    三楼，四楼……\n\n    “踏！踏！”\n\n    飞奔中的罗峰，轻松灵活的很，时而让开其他台阶上的登楼的住户。\n\n    “阿峰啊，放学了？”\n\n    “是啊，王叔。”罗峰气息丝毫不乱，作为武馆高级学员，这种速度的登楼跟散步没多大区别。\n\n    廉租房小区，按照住户们的绝大多数人意见，并没有建造电梯。因为一旦建造电梯，住户们就需要缴纳更多的租金。其次对于现如今的绝大多数人而言，就算爬几十层楼梯，都是很轻松的一件事。\n\n    对他们来说，住宅楼建造电梯是很奢侈的一件事。\n\n    毕竟电价很贵，因为整个城市的‘防御系统’的能源就是电能，整个国家都是急需电能的。\n\n    32楼！\n\n    在32楼这一楼层，一共有八户人家，罗峰家就在其中。\n\n    “咔嚓！”拿着钥匙，罗峰打开了家门。\n\n    “哥，回来啦？”屋里传来声音。\n\n    “嗯。”罗峰关上门，目光一扫，整个家便一览无余，他的家是一室一厅结构，面积为36平米。\n\n    他和弟弟以及爸妈，一共四口人，就住在这36平米大的地方，从记事开始，就一直住在这。\n\n    “阿华，看什么书呢？”罗峰朝小阳台走去。\n\n    在那阳台上，一名皮肤有些病态白皙的消瘦少年，正坐在轮椅上，手中正捧着一本英文书籍，罗峰看了一眼，笑道：“哦，是讲投资大师‘普莱斯’的？投资大师中，不是股神‘巴菲特’最出名么？”\n\n    对投资、股票什么的，罗峰是一窍不通。\n\n    “巴菲特的并不是很适合我。而普莱斯的理论、思想，和我的一些想法很接近，有借鉴作用。”消瘦少年抬头看向罗峰，露出一丝笑容。\n\n    “你继续看书吧。”罗峰笑了笑。\n\n    不经意间，罗峰目光扫过弟弟的双腿，不由心中一疼……弟弟在幼年的时候，被车压断了双腿，自大腿往下完全碾碎，令弟弟变成了残疾。一个残疾人，要在如今社会上生存，压力非常大。弟弟连文化教育都只能通过网络，接受远程网络教育。\n\n    长期接受不到阳光照射，令弟弟脸色有着病态的苍白。\n\n    而且……没多少朋友，令弟弟也比较内向。\n\n    “爸妈工作薪水都不高，又要养我和弟弟两个人，弟弟还是残疾……家庭负担太大，只能住这廉租房。”\n\n    “弟弟残疾，和社会接触很少。以后找老婆，都是很难的一件事。有谁愿意嫁给一个断了双腿的残废？”\n\n    “我必须改变整个家的命运！”\n\n    罗峰心中默默道。\n\n    “为什么，我暗恋徐欣，却没有追她，没有谈恋爱？”\n\n    “法律规定，18周岁就可以结婚，所以很多人都是高中谈恋爱，高中毕业就结婚了。在高中没谈恋爱的，少之又少。我为什么没有？”\n\n    “因为，我没有时间浪费在谈恋爱上！我家不是富豪，我也没有什么厉害的老师指导，一切我只能靠自己。”罗峰的目光落在客厅的老旧沙发上，这是可平放开当床的沙发，“这么多年了，一家四口，就在这个小房子里，一室一厅。我和弟弟在唯一的卧室中，爸妈这么多年，却是一直睡在客厅沙发……”\n\n    “我一定要让我爸妈，让弟弟，住进大房子，有电梯的大房子。”\n\n    “让爸妈，能够真正睡一张大床。”\n\n    “让弟弟，不必下一次楼都要那么辛苦。”\n\n    “房子一定要有很大的落地窗户，阳光可以完全照射进来！”\n\n    这些话，不知道在罗峰心中回想过多少遍，正因为如此，所以他从小就很努力。\n\n    所以——\n\n    他才会成为第三高中五千名学生当中，获得‘武馆高级学员’称号的三名学生之一。这三人中，只有他一个家庭条件普通。其他两人，都是有钱人家子女。\n\n    ……\n\n    “哗哗——”自来水龙头的水不断流下，很快便冲满了电水壶。\n\n    “嗤嗤……”插上电水壶插头，罗峰便捧着历史书坐在沙发上，不断的背着一些书中要点。\n\n    忽然——\n\n    “滴！”\n\n    电水壶水烧开了，罗峰放下书，倒水进热水瓶。又倒了一大塑料杯热水放在桌上。\n\n    “公元2026年，在洪泽湖发生了‘洪泽战役’……嗯，是2026年。”罗峰记忆着一个个历史事件，在文化教育的各个学科当中，罗峰的数学最强。不过他对于历史，是最有兴趣的。因为每当看着21世纪的历史……\n\n    他就感叹不已。\n\n    这是人类变革的一段历史！\n\n    “阿华。”罗峰走到弟弟身旁。\n\n    “哥，什么事？”弟弟罗华放下手中书籍。\n\n    “这书上一共有139个要点，我已经划出，你提问一下。”罗峰递过手中的历史书，弟弟罗华一听，不由笑着接过：“好嘞，难得有机会考考哥你，哥你听好了，我可要出题了。你答错了，可丢脸了。”\n\n    “问吧。”罗峰笑着，坐在了沙发上。\n\n    “曾以一人之力，在长江江畔，斩杀‘虎头怪蛟’，解救数十万百姓，令数十万百姓成功转移到江南基地，英勇牺牲的是谁？哪里人？死时年龄？时间发生的详细日期？”罗华仔细翻看了一下，便提问了一个。\n\n    “英勇牺牲的，是被国家追授予四星英雄勋章的‘董南彪’，他是原江苏泰兴人。死时39岁，时间发生的详细日期，应该是公元2018年……”罗峰不由皱起眉头。\n\n    弟弟罗华，不由追问道：“准确日期，是公元2018年几月几号？”\n\n    “嗯，好像是……”罗峰有些不确定的道，“好像是6月18号。”\n\n    “哈哈，第一个问题，你就答错了。”弟弟罗华，摇头道，“被追授予四星英雄勋章的‘董南彪’，的确是原江苏泰兴人，死时39岁，不过事件发生的详细日期是公元2018年6月16号。”\n\n    “啊！”\n\n    罗峰不由一拍脑袋，摇头苦笑，“16号和18号经常搞错，你再问。”\n\n    “好，听仔细了，第二题。”弟弟罗华显得很兴奋，“公元2023年，在……”\n\n    ……\n\n    兄弟二人一问一答，时间过的飞速。\n\n    “这本书我已经提问一半了。我提68个问题，你答对63个，错了5个。”弟弟罗华抬头看了看墙上的挂钟，“爸妈要回来了，我再提你最后一个问题，下次再提问另外一半问题。”\n\n    “最后一个问题？好，问吧。”罗峰注意力高度集中。\n\n    “这个问题，是最基本的。你将‘大涅盘时期’主要事件复述一下。”弟弟罗华说道。\n\n    罗峰表情有些严肃，这大涅盘时期历史，乃是人类变革的最重要的一段历史：“21世纪初，全球连续出现几次病毒流感，从公元2003年sars病毒流感，到后来的2009年甲型h1n1型流感，到2013年，终于发生更可怕的R型病毒流感，R型病毒在传播过程中，衍变出二十多个变种，令病毒防疫工作变得更加艰难，全球所有国家都出现死亡病例。”\n\n    “随着防疫工作的进行，疫情被控制。”\n\n    “不过，在公元2015年1月，R型病毒衍变出了它最可怕的变种，被称之为RR病毒！”\n\n    “过去的R型病毒诸多变种是通过体液传播，部分变种可以通过水传播，可是在水中存活时间都很短。可是——这RR病毒，可以通过体液，通过水流传播。最可怕的是……竟然可以通过空气传播！在空气中存活时间达到惊人的三个小时！”', '3152', '7');
INSERT INTO `content` VALUES ('8', '萧炎来了', '4', '8');
INSERT INTO `content` VALUES ('9', '    痛！\n\n    好痛！\n\n    头好痛！\n\n    光怪陆离满是低语的梦境迅速支离破碎，熟睡中的周明瑞只觉脑袋抽痛异常，仿佛被人用棒子狠狠抡了一下，不，更像是遭尖锐的物品刺入太阳穴并伴随有搅动！\n\n    嘶……迷迷糊糊间，周明瑞想要翻身，想要捂头，想要坐起，可完全无法挪动手脚，身体似乎失去了控制。\n\n    看来我还没有真醒，还在梦里……等下说不定还会出现自以为已经醒了，实际依然在睡的情况……对类似遭遇不算陌生的周明瑞竭力集中意志，以彻底摆脱黑暗和迷幻的桎梏。\n\n    然而，半睡半醒之时，意志总是飘忽如同烟雾，难以控制，难以收束，他再怎么努力，依旧忍不住思维发散，杂念浮现。\n\n    好端端的，大半夜的，怎么会突然头痛？\n\n    还痛得这么厉害！\n\n    不会是脑溢血什么的吧？\n\n    我擦，我不会就这样英年早逝了吧？\n\n    赶紧醒！赶紧醒！\n\n    咦，好像没刚才那么痛了？但脑子里还是跟有把钝刀子在慢慢割一样……\n\n    看来没法继续睡了，明天还怎么上班？\n\n    还想什么上班？有货真价实的头痛，当然是请假啊！不用怕经理罗里吧嗦！\n\n    这么一想，好像也不坏啊，嘿嘿，偷得浮生半日闲！\n\n    一阵又一阵的抽痛让周明瑞点滴积累起虚幻的力量，终于，他一鼓作气地挺动腰背睁开眼睛，彻底摆脱了半睡半醒的状态。\n\n    视线先是模糊，继而蒙上了淡淡的绯红，目光所及，周明瑞看见面前是一张原木色泽的书桌，正中央放着一本摊开的笔记，纸张粗糙而泛黄，抬头用奇怪的字母文字书写着一句话语，墨迹深黑，醒目欲滴。\n\n    笔记本左侧靠桌子边缘，有一叠整整齐齐的书册，大概七八本的样子，它们右手边的墙上镶嵌着灰白色的管道和与管道连通的壁灯。\n\n    这盏灯很有西方古典风味，约成年人半个脑袋大小，内层是透明的玻璃，外面用黑色金属围出了栅格。\n\n    熄灭的壁灯的斜下方，一个黑色墨水瓶笼罩着淡红色的光华，表面的浮凸构成了模糊的天使图案。\n\n    墨水瓶之前，笔记本右侧，一根肚腹圆润的深色钢笔静静安放，笔尖闪烁着微光，笔帽搁于一把泛着黄铜色泽的左轮手枪旁边。\n\n    手枪？左轮？周明瑞整个人都愣住了，眼前所见的事物是如此陌生，与自己房间没半点相像之处！\n\n    惊愕茫然的同时，他发现书桌、笔记本、墨水瓶、左轮手枪都蒙着一层绯红的“轻纱”，那是窗外照进来的光辉。\n\n    下意识间，他抬起脑袋，视线一点点上移：\n\n    半空之中，黑色“天鹅绒幕布”之上，一轮赤红色的满月高高悬挂，宁静照耀。\n\n    这……周明瑞惶恐莫名，猛地站起，可双腿还未完全打直，脑袋又是一阵抽痛，这让他短暂失去力量，重心不由自主下坠，屁股狠狠地撞击在了硬木所制的椅面上。\n\n    啪！\n\n    疼痛未能造成影响，周明瑞以手按桌，重又站起，慌乱地转过身体，打量自身所处的环境。\n\n    这是个不大的房间，左右两侧各有一扇棕门，紧挨对面墙壁的是张木制高低床。\n\n    它与左门之间放着个橱柜，上面对开，下方是五个抽屉。\n\n    橱柜边缘，一人高的位置，同样有灰白色管道镶嵌于墙上，但它连通的是个奇怪的机械装置，少许地方裸露着齿轮和轴承。\n\n    近书桌的右墙角堆放着类似煤炭炉的事物，以及汤锅、铁锅等厨房用具。\n\n    越过右门是一扇有两道裂纹的穿衣镜，木制底座的花纹简单而朴素。\n\n    目光一扫，周明瑞隐隐约约看见了镜中的自己，现在的自己：\n\n    黑发，褐瞳，亚麻衬衣，体型单薄，五官普通，轮廓较深……\n\n    这……周明瑞顿时倒吸了口凉气，心头涌现出诸多无助又凌乱的猜测。\n\n    左轮手枪，欧美古典风味布置，以及那轮与地球迥异的绯红之月，无一不在说明着某件事件！\n\n    我，我不会穿越了吧？周明瑞嘴巴一点点张开。\n\n    他看网文长大，对此常有幻想，可当真正遇到，一时却难以接受。\n\n    这大概就是所谓的叶公好龙吧？过了几十秒，周明瑞苦中作乐地自我吐槽了一句。\n\n    若非脑袋的疼痛依旧存在，让思维变得紧绷而清晰，他肯定会怀疑自己在做梦。\n\n    平静，平静，平静……深呼吸了几下，周明瑞努力让自身不要那么慌乱。\n\n    就在这时，随着他身心的调和，一个个记忆片段突兀跳出，缓慢呈现于他的脑海之中！\n\n    克莱恩.莫雷蒂，北大陆鲁恩王国阿霍瓦郡廷根市人，霍伊大学历史系刚毕业的学生……\n\n    父亲是皇家陆军上士，牺牲于南大陆的殖民冲突，换来的抚恤金让克莱恩有了进入私立文法学校读书的机会，奠定了他考入大学的基础……\n\n    母亲是黑夜女神信徒，在克莱恩通过霍伊大学入学考试那年过世……\n\n    还有一个哥哥，一个妹妹，共同住在公寓的两居室内……\n\n    家庭并不富裕，甚至可以说不佳，目前全靠在进出口公司当文员的哥哥维持……\n\n    作为历史系毕业生，克莱恩掌握了号称北大陆诸国文字源头的古弗萨克语，以及古代陵寝里经常出现，与祭祀、祈祷相关的赫密斯文……\n\n    赫密斯文？周明瑞心头一动，伸手按住抽痛的太阳穴，将视线投向了书桌上摊开的那本笔记，只觉泛黄纸张上的那行文字从奇怪变得陌生，从陌生变得熟悉，从熟悉变得可以解读。\n\n    这是用赫密斯文书写的话语！\n\n    那深黑欲滴的墨迹如是说：\n\n    “所有人都会死，包括我。”\n\n    嘶！周明瑞莫名惊恐，身体本能后仰，试图与笔记本，与这行文字拉开距离。\n\n    他很是虚弱，险些跌倒，慌忙伸手按住桌缘，只觉四周的空气都变得躁动，耳畔隐约有细密的呢喃在回荡，有种小时候听长辈讲恐怖故事的感受。\n\n    摇了下头，一切只是幻觉，周明瑞重新站稳，将目光从笔记本上移开，大口喘起了气。\n\n    这时，他的视线落在了那把闪烁黄铜光泽的左轮手枪处，心头霍然冒出了一个疑问。\n\n    “以克莱恩的家境，哪有钱和渠道买手枪？”周明瑞不由皱起了眉头。\n\n    沉思之中，他忽然发现书桌边缘多了半个红色手印，色泽比月华更深，比“轻纱”更厚。\n\n    那是血手印！\n\n    “血手印？”周明瑞下意识翻开了刚才按住桌缘的右手，低头一瞧，只见掌心和手指满是血污。\n\n    与此同时，他脑袋的抽痛依旧传来，略微减弱，连绵不绝。\n\n    “不会磕破头了吧？”周明瑞边猜想边转过身体，走向那面有裂纹的穿衣镜。\n\n    几步之后，中等身材，黑发褐瞳，有着明显书卷气的身影清晰映入了他的眼帘。\n\n    这就是现在的我，克莱恩.莫雷蒂？\n\n    周明瑞怔了一下，因为大半夜光亮不够，看不太清楚，于是又继续往前，直到只差一步就能撞到镜子。\n\n    就着轻纱般的绯红月光，他侧过脑袋，查看额角的情况。\n\n    清晰倒映的镜子如实呈现，一个狰狞的伤口盘踞在他的太阳穴位置，边缘是烧灼的痕迹，周围沾满了血污，而内里有灰白色的脑浆在缓缓蠕动。', '2837', '9');

-- ----------------------------
-- Table structure for novel
-- ----------------------------
DROP TABLE IF EXISTS `novel`;
CREATE TABLE `novel` (
  `id` int(11) NOT NULL AUTO_INCREMENT,
  `author` varchar(40) DEFAULT NULL,
  `count_comments` int(11) DEFAULT NULL,
  `cover_url` varchar(200) DEFAULT NULL,
  `create_time` datetime(6) DEFAULT NULL,
  `expire_time` datetime(6) DEFAULT NULL,
  `introduction` varchar(1000) DEFAULT NULL,
  `name` varchar(50) DEFAULT NULL,
  `status` int(11) DEFAULT NULL,
  `total_words` int(11) DEFAULT NULL,
  `views` int(11) DEFAULT NULL,
  `category_id` int(11) NOT NULL,
  PRIMARY KEY (`id`),
  KEY `FKryc4be94jq01dlj9u2njfh569` (`category_id`),
  CONSTRAINT `FKryc4be94jq01dlj9u2njfh569` FOREIGN KEY (`category_id`) REFERENCES `category` (`id`)
) ENGINE=InnoDB AUTO_INCREMENT=8 DEFAULT CHARSET=utf8;

-- ----------------------------
-- Records of novel
-- ----------------------------
INSERT INTO `novel` VALUES ('1', '天蚕土豆', '4', 'novel/default/cover.png', '2020-06-02 19:06:25.256000', '2023-06-02 19:06:25.256000', '  这里是属于斗气的世界，没有花俏艳丽的魔法，有的，仅仅是繁衍到巅峰的斗气！', '斗破苍穹', '1', '14514', '0', '1');
INSERT INTO `novel` VALUES ('2', '会说话的肘子', '0', 'novel/2/cover.png', '2020-06-05 20:32:24.329000', '2023-06-05 20:32:24.329000', '废土之上，人类文明得以苟延残喘。\n一座座壁垒拔地而起，秩序却不断崩坏。\n有人说，当灾难降临时，精神意志才是人类面对危险的第一序列武器。\n有人说，不要让时代的悲哀，成为你的悲哀。\n有人说，我要让我的悲哀，成为这个时代的悲哀。\n这次是一个新的故事。\n浩劫余生，终见光明。', '第一序列', '0', '0', '0', '2');
INSERT INTO `novel` VALUES ('3', '天蚕土豆', '2', 'novel/3/cover.png', '2020-06-06 16:18:42.123000', '2023-06-06 16:18:42.123000', '大千世界，位面交汇，万族林立，群雄荟萃，一位位来自下位面的天之至尊，在这无尽世界，演绎着令人向往的传奇，追求着那主宰之路。\n　　无尽火域，炎帝执掌，万火焚苍穹。\n　　武境之内，武祖之威，震慑乾坤。\n　　西天之殿，百战之皇，战威无可敌。\n　　北荒之丘，万墓之地，不死之主镇天地。\n　　......\n　　少年自北灵境而出，骑九幽冥雀，闯向了那精彩绝伦的纷纭世界，主宰之路，谁主沉浮？\n　　大千世界，万道争锋，吾为大主宰。', '大主宰', '1', '4480', '0', '1');
INSERT INTO `novel` VALUES ('4', '耳根', '1', 'novel/4/cover.png', '2020-06-07 13:55:47.447000', '2023-06-07 13:55:47.447000', '顺为凡，逆则仙，只在心中一念间……', '仙逆', '1', '5750', '0', '3');
INSERT INTO `novel` VALUES ('5', '圣骑士的传说', '0', 'novel/5/cover.png', '2020-06-07 14:10:46.278000', '2023-06-07 14:10:46.278000', '某天，宋书航意外加入了一个仙侠中二病资深患者的交流群，里面的群友们都以‘道友’相称，群名片都是各种府主、洞主、真人、天师。连群主走失的宠物犬都称为大妖犬离家出走。整天聊的是炼丹、闯秘境、炼功经验啥的。\n　　突然有一天，潜水良久的他突然发现……群里每一个群员，竟然全部是修真者，能移山倒海、长生千年的那种！\n　　啊啊啊啊，世界观在一夜间彻底崩碎啦！', '修真聊天群', '1', '0', '0', '2');
INSERT INTO `novel` VALUES ('6', '我吃西红柿', '0', 'novel/6/cover.png', '2020-06-07 14:17:33.624000', '2023-06-07 14:17:33.624000', '星空中。\n　　“这颗星球，通体土黄色，没有任何生命存在，直径21000公里，咦，竟然蕴含‘星泪金’矿脉，真是天助我也，将这颗星球吞噬掉后，我的实力应该能恢复到受伤前的80％。”脸色苍白的罗峰盘膝坐在一颗飞行的陨石上，遥看远处的一颗无生命存在的行星。', '吞噬星空', '1', '8761', '0', '4');
INSERT INTO `novel` VALUES ('7', '爱潜水的乌贼', '1', 'novel/7/cover.png', '2020-06-11 17:38:18.345000', '2023-06-11 17:38:18.345000', '蒸汽与机械的浪潮中，谁能触及非凡？历史和黑暗的迷雾里，又是谁在耳语？我从诡秘中醒来，睁眼看见这个世界：\n　　枪械，大炮，巨舰，飞空艇，差分机；魔药，占卜，诅咒，倒吊人，封印物……光明依旧照耀，神秘从未远离，这是一段“愚者”的传说。', '诡秘之主', '1', '2837', '0', '2');

-- ----------------------------
-- Table structure for user
-- ----------------------------
DROP TABLE IF EXISTS `user`;
CREATE TABLE `user` (
  `id` int(11) NOT NULL AUTO_INCREMENT,
  `avatar_url` varchar(200) DEFAULT NULL,
  `introduction` varchar(100) DEFAULT NULL,
  `password` varchar(20) DEFAULT NULL,
  `username` varchar(40) DEFAULT NULL,
  PRIMARY KEY (`id`)
) ENGINE=InnoDB AUTO_INCREMENT=10 DEFAULT CHARSET=utf8;

-- ----------------------------
-- Records of user
-- ----------------------------
INSERT INTO `user` VALUES ('1', 'user/1/avatar.jpg', 'afaffg', 'root', 'lican');
INSERT INTO `user` VALUES ('2', 'user/default/avatar.jpg', '这个人还没有介绍自己...', 'root', 'lican');
INSERT INTO `user` VALUES ('3', 'user/default/avatar.jpg', '这个人还没有介绍自己...', '1111', '辰东');
INSERT INTO `user` VALUES ('4', 'user/default/avatar.jpg', '这个人还没有介绍自己...', 'sff', 'ddff');
INSERT INTO `user` VALUES ('5', 'user/default/avatar.jpg', '这个人还没有介绍自己...', '111', '123');
INSERT INTO `user` VALUES ('6', 'user/default/avatar.jpg', '这个人还没有介绍自己...', 'aaabbbbx', 'hello');
INSERT INTO `user` VALUES ('7', 'user/7/avatar.jpg', '这个人还没有介绍自己...', '123456', 'hehe');
INSERT INTO `user` VALUES ('8', 'user/default/avatar.jpg', '123', '123456789', 'lican123');
INSERT INTO `user` VALUES ('9', 'user/9/avatar.jpg', '诡秘', '123456', 'leee');
